,id,median_income,year
0,01001,28082,10
1,01003,28579,10
2,01005,21101,10
3,01007,21153,10
4,01009,21070,10
5,01011,23760,10
6,01013,21309,10
7,01015,22163,10
8,01017,23236,10
9,01019,19375,10
10,01021,22438,10
11,01023,19985,10
12,01025,15629,10
13,01027,20879,10
14,01029,26488,10
15,01031,22500,10
16,01033,31095,10
17,01035,18626,10
18,01037,26520,10
19,01039,19740,10
20,01041,23327,10
21,01043,15625,10
22,01045,29269,10
23,01047,18784,10
24,01049,25585,10
25,01051,31862,10
26,01053,21651,10
27,01055,23436,10
28,01057,20321,10
29,01059,20833,10
30,01061,20000,10
31,01063,19715,10
32,01065,20653,10
33,01067,24844,10
34,01069,23024,10
35,01071,28602,10
36,01073,31597,10
37,01075,17181,10
38,01077,17327,10
39,01079,33586,10
40,01081,28530,10
41,01083,35254,10
42,01085,21929,10
43,01087,26161,10
44,01089,35034,10
45,01091,20641,10
46,01093,24121,10
47,01095,16824,10
48,01097,26966,10
49,01099,19419,10
50,01101,32701,10
51,01103,24523,10
52,01105,19151,10
53,01107,15484,10
54,01109,20264,10
55,01111,24988,10
56,01113,25183,10
57,01115,35924,10
58,01117,49339,10
59,01119,19289,10
60,01121,26303,10
61,01123,21907,10
62,01125,29057,10
63,01127,20436,10
64,01129,20967,10
65,01131,17266,10
66,01133,"2,500-",10
67,02013,-,10
68,02016,-,10
69,02020,54940,10
70,02050,26583,10
71,02060,-,10
72,02068,-,10
73,02070,22813,10
74,02090,54911,10
75,02100,-,10
76,02105,-,10
77,02110,57500,10
78,02122,36000,10
79,02130,44118,10
80,02150,145625,10
81,02164,-,10
82,02170,55962,10
83,02180,151125,10
84,02185,102986,10
85,02188,66250,10
86,02195,-,10
87,02198,-,10
88,02220,-,10
89,02230,-,10
90,02240,120156,10
91,02261,41027,10
92,02270,-,10
93,02275,-,10
94,02282,-,10
95,02290,-,10
96,04001,12321,10
97,04003,46510,10
98,04005,56513,10
99,04007,9732,10
100,04009,15938,10
101,04011,71667,10
102,04012,6250,10
103,04013,40087,10
104,04015,39758,10
105,04017,46250,10
106,04019,38150,10
107,04021,52159,10
108,04023,45469,10
109,04025,44271,10
110,04027,51337,10
111,05001,20577,10
112,05003,19891,10
113,05005,19408,10
114,05007,32692,10
115,05009,31364,10
116,05011,21638,10
117,05013,23138,10
118,05015,19063,10
119,05017,16363,10
120,05019,22132,10
121,05021,-,10
122,05023,-,10
123,05025,18542,10
124,05027,20246,10
125,05029,26310,10
126,05031,21647,10
127,05033,45260,10
128,05035,23755,10
129,05037,26019,10
130,05039,22233,10
131,05041,20320,10
132,05043,22594,10
133,05045,25606,10
134,05047,7054,10
135,05049,-,10
136,05051,21750,10
137,05053,31597,10
138,05055,8086,10
139,05057,23659,10
140,05059,28980,10
141,05061,24219,10
142,05063,27330,10
143,05065,93342,10
144,05067,18676,10
145,05069,27282,10
146,05071,14846,10
147,05073,19432,10
148,05075,-,10
149,05077,17614,10
150,05079,13220,10
151,05081,25240,10
152,05083,8587,10
153,05085,29495,10
154,05087,-,10
155,05089,-,10
156,05091,25929,10
157,05093,21997,10
158,05095,21932,10
159,05097,-,10
160,05099,20045,10
161,05101,-,10
162,05103,23661,10
163,05105,98281,10
164,05107,22043,10
165,05109,29432,10
166,05111,15962,10
167,05113,33452,10
168,05115,36926,10
169,05117,21406,10
170,05119,30835,10
171,05121,25100,10
172,05123,22794,10
173,05125,35515,10
174,05127,-,10
175,05129,-,10
176,05131,26798,10
177,05133,24345,10
178,05135,55417,10
179,05137,-,10
180,05139,19720,10
181,05141,-,10
182,05143,35478,10
183,05145,26706,10
184,05147,15563,10
185,05149,37941,10
186,06001,40187,10
187,06003,-,10
188,06005,-,10
189,06007,25929,10
190,06009,73017,10
191,06011,45833,10
192,06013,50371,10
193,06015,69107,10
194,06017,66855,10
195,06019,25692,10
196,06021,14151,10
197,06023,33373,10
198,06025,43841,10
199,06027,43681,10
200,06029,33447,10
201,06031,59567,10
202,06033,25550,10
203,06035,41708,10
204,06037,42071,10
205,06039,40084,10
206,06041,40282,10
207,06043,41875,10
208,06045,33194,10
209,06047,37633,10
210,06049,-,10
211,06051,40354,10
212,06053,49977,10
213,06055,82778,10
214,06057,26944,10
215,06059,68597,10
216,06061,86525,10
217,06063,42545,10
218,06065,55954,10
219,06067,39628,10
220,06069,26154,10
221,06071,48143,10
222,06073,46947,10
223,06075,30840,10
224,06077,43013,10
225,06079,61153,10
226,06081,51847,10
227,06083,52988,10
228,06085,55541,10
229,06087,49625,10
230,06089,30368,10
231,06091,38182,10
232,06093,19922,10
233,06095,54198,10
234,06097,59138,10
235,06099,41165,10
236,06101,49091,10
237,06103,86250,10
238,06105,-,10
239,06107,31814,10
240,06109,24286,10
241,06111,74299,10
242,06113,32165,10
243,06115,48500,10
244,08001,44240,10
245,08003,-,10
246,08005,39664,10
247,08007,-,10
248,08009,-,10
249,08011,-,10
250,08013,40063,10
251,08014,37083,10
252,08015,-,10
253,08017,-,10
254,08019,-,10
255,08021,-,10
256,08023,-,10
257,08025,-,10
258,08027,-,10
259,08029,-,10
260,08031,31033,10
261,08033,-,10
262,08035,82072,10
263,08037,-,10
264,08039,-,10
265,08041,46115,10
266,08043,-,10
267,08045,57794,10
268,08047,35288,10
269,08049,-,10
270,08051,-,10
271,08053,-,10
272,08055,-,10
273,08057,-,10
274,08059,45077,10
275,08061,-,10
276,08063,-,10
277,08065,13929,10
278,08067,6375,10
279,08069,58548,10
280,08071,7321,10
281,08073,-,10
282,08075,38105,10
283,08077,42157,10
284,08079,-,10
285,08081,-,10
286,08083,-,10
287,08085,-,10
288,08087,25086,10
289,08089,33750,10
290,08091,-,10
291,08093,-,10
292,08095,25000,10
293,08097,-,10
294,08099,-,10
295,08101,32843,10
296,08103,-,10
297,08105,-,10
298,08107,-,10
299,08109,-,10
300,08111,-,10
301,08113,-,10
302,08115,-,10
303,08117,-,10
304,08119,-,10
305,08121,-,10
306,08123,23893,10
307,08125,-,10
308,09001,44275,10
309,09003,41961,10
310,09005,66691,10
311,09007,53897,10
312,09009,42492,10
313,09011,47370,10
314,09013,46605,10
315,09015,49803,10
316,10001,42126,10
317,10003,44546,10
318,10005,33916,10
319,11001,38218,10
320,12001,27216,10
321,12003,27319,10
322,12005,34087,10
323,12007,27976,10
324,12009,35800,10
325,12011,41702,10
326,12013,22969,10
327,12015,40000,10
328,12017,45885,10
329,12019,49001,10
330,12021,36591,10
331,12023,26661,10
332,12027,22600,10
333,12029,22303,10
334,12031,34447,10
335,12033,26492,10
336,12035,41203,10
337,12037,20915,10
338,12039,26522,10
339,12041,16625,10
340,12043,17063,10
341,12045,23590,10
342,12047,19662,10
343,12049,30849,10
344,12051,23936,10
345,12053,35506,10
346,12055,28046,10
347,12057,35110,10
348,12059,6834,10
349,12061,28031,10
350,12063,25186,10
351,12065,30374,10
352,12067,18167,10
353,12069,37261,10
354,12071,33944,10
355,12073,29289,10
356,12075,17591,10
357,12077,29318,10
358,12079,28115,10
359,12081,30372,10
360,12083,32746,10
361,12085,33536,10
362,12086,34199,10
363,12087,34750,10
364,12089,40613,10
365,12091,40263,10
366,12093,28759,10
367,12095,37210,10
368,12097,41725,10
369,12099,38517,10
370,12101,44636,10
371,12103,31476,10
372,12105,33431,10
373,12107,21576,10
374,12109,34386,10
375,12111,36442,10
376,12113,39178,10
377,12115,30601,10
378,12117,38678,10
379,12119,32782,10
380,12121,18644,10
381,12123,16354,10
382,12125,19650,10
383,12127,28550,10
384,12129,57690,10
385,12131,16654,10
386,12133,25341,10
387,13001,26672,10
388,13003,20698,10
389,13005,19516,10
390,13007,23486,10
391,13009,25662,10
392,13011,44185,10
393,13013,36011,10
394,13015,32024,10
395,13017,22131,10
396,13019,18419,10
397,13021,26842,10
398,13023,22764,10
399,13025,13846,10
400,13027,21678,10
401,13029,39315,10
402,13031,22465,10
403,13033,22797,10
404,13035,33421,10
405,13037,22854,10
406,13039,29063,10
407,13043,27741,10
408,13045,32650,10
409,13047,35635,10
410,13049,31047,10
411,13051,31439,10
412,13053,48207,10
413,13055,18947,10
414,13057,54901,10
415,13059,25962,10
416,13061,22817,10
417,13063,43178,10
418,13065,20526,10
419,13067,47603,10
420,13069,26912,10
421,13071,20860,10
422,13073,53778,10
423,13075,24474,10
424,13077,36547,10
425,13079,21149,10
426,13081,18084,10
427,13083,70625,10
428,13085,-,10
429,13087,25005,10
430,13089,42818,10
431,13091,16229,10
432,13093,20359,10
433,13095,25822,10
434,13097,49393,10
435,13099,18070,10
436,13101,-,10
437,13103,32484,10
438,13105,25037,10
439,13107,20679,10
440,13109,35536,10
441,13111,-,10
442,13113,79983,10
443,13115,24715,10
444,13117,70525,10
445,13119,11731,10
446,13121,36390,10
447,13123,-,10
448,13125,22163,10
449,13127,28800,10
450,13129,22005,10
451,13131,19589,10
452,13133,22140,10
453,13135,52981,10
454,13137,37500,10
455,13139,33615,10
456,13141,21373,10
457,13143,24267,10
458,13145,39135,10
459,13147,18986,10
460,13149,43090,10
461,13151,59532,10
462,13153,41193,10
463,13155,23914,10
464,13157,31724,10
465,13159,35745,10
466,13161,27653,10
467,13163,22821,10
468,13165,23139,10
469,13167,18217,10
470,13169,45147,10
471,13171,30856,10
472,13173,18773,10
473,13175,25250,10
474,13177,39040,10
475,13179,42017,10
476,13181,23269,10
477,13183,25938,10
478,13185,26488,10
479,13187,6618,10
480,13189,26092,10
481,13191,27439,10
482,13193,22813,10
483,13195,35817,10
484,13197,23151,10
485,13199,26904,10
486,13201,16393,10
487,13205,23685,10
488,13207,33199,10
489,13209,23750,10
490,13211,27313,10
491,13213,27026,10
492,13215,31192,10
493,13217,45364,10
494,13219,24730,10
495,13221,22316,10
496,13223,53697,10
497,13225,31453,10
498,13227,40952,10
499,13229,25252,10
500,13231,31193,10
501,13233,29740,10
502,13235,17370,10
503,13237,22091,10
504,13239,15976,10
505,13241,8904,10
506,13243,16771,10
507,13245,32370,10
508,13247,53068,10
509,13249,15605,10
510,13251,22410,10
511,13253,20493,10
512,13255,27471,10
513,13257,22622,10
514,13259,19432,10
515,13261,23659,10
516,13263,19412,10
517,13265,19516,10
518,13267,32603,10
519,13269,14680,10
520,13271,16565,10
521,13273,18358,10
522,13275,18155,10
523,13277,25250,10
524,13279,21051,10
525,13281,-,10
526,13283,19000,10
527,13285,26632,10
528,13287,17740,10
529,13289,21916,10
530,13291,40777,10
531,13293,21938,10
532,13295,27604,10
533,13297,30300,10
534,13299,23750,10
535,13301,25052,10
536,13303,20087,10
537,13305,24189,10
538,13307,20368,10
539,13309,21576,10
540,13311,20878,10
541,13313,32478,10
542,13315,14479,10
543,13317,22121,10
544,13319,25814,10
545,13321,19583,10
546,15001,42727,10
547,15003,59359,10
548,15005,-,10
549,15007,72115,10
550,15009,50952,10
551,16001,34943,10
552,16003,-,10
553,16005,16667,10
554,16007,-,10
555,16009,88438,10
556,16011,53250,10
557,16013,-,10
558,16015,-,10
559,16017,-,10
560,16019,29183,10
561,16021,-,10
562,16023,-,10
563,16025,-,10
564,16027,36500,10
565,16029,-,10
566,16031,-,10
567,16033,-,10
568,16035,-,10
569,16037,-,10
570,16039,34821,10
571,16041,-,10
572,16043,-,10
573,16045,-,10
574,16047,-,10
575,16049,-,10
576,16051,-,10
577,16053,"2,500-",10
578,16055,14545,10
579,16057,11827,10
580,16059,-,10
581,16061,-,10
582,16063,-,10
583,16065,-,10
584,16067,-,10
585,16069,-,10
586,16071,-,10
587,16073,-,10
588,16075,-,10
589,16077,-,10
590,16079,-,10
591,16081,-,10
592,16083,8281,10
593,16085,-,10
594,16087,-,10
595,17001,25521,10
596,17003,23803,10
597,17005,41528,10
598,17007,41280,10
599,17009,-,10
600,17011,37063,10
601,17013,-,10
602,17015,72589,10
603,17017,30903,10
604,17019,25737,10
605,17021,-,10
606,17023,-,10
607,17025,-,10
608,17027,25476,10
609,17029,12961,10
610,17031,35890,10
611,17033,85221,10
612,17035,-,10
613,17037,25972,10
614,17039,-,10
615,17041,-,10
616,17043,49779,10
617,17045,-,10
618,17047,-,10
619,17049,-,10
620,17051,-,10
621,17053,-,10
622,17055,56042,10
623,17057,10357,10
624,17059,"2,500-",10
625,17061,-,10
626,17063,51845,10
627,17065,-,10
628,17067,-,10
629,17069,-,10
630,17071,-,10
631,17073,30156,10
632,17075,25893,10
633,17077,12042,10
634,17079,-,10
635,17081,20550,10
636,17083,-,10
637,17085,73750,10
638,17087,-,10
639,17089,35904,10
640,17091,26238,10
641,17093,75883,10
642,17095,30750,10
643,17097,42424,10
644,17099,14944,10
645,17101,18703,10
646,17103,35259,10
647,17105,-,10
648,17107,21625,10
649,17109,22637,10
650,17111,85393,10
651,17113,30909,10
652,17115,23981,10
653,17117,33750,10
654,17119,31255,10
655,17121,32727,10
656,17123,-,10
657,17125,-,10
658,17127,26080,10
659,17129,-,10
660,17131,-,10
661,17133,-,10
662,17135,45917,10
663,17137,25213,10
664,17139,-,10
665,17141,44896,10
666,17143,25290,10
667,17145,44500,10
668,17147,-,10
669,17149,-,10
670,17151,-,10
671,17153,26429,10
672,17155,-,10
673,17157,36250,10
674,17159,-,10
675,17161,26171,10
676,17163,27465,10
677,17165,21379,10
678,17167,27564,10
679,17169,-,10
680,17171,-,10
681,17173,-,10
682,17175,-,10
683,17177,25365,10
684,17179,45114,10
685,17181,-,10
686,17183,16590,10
687,17185,-,10
688,17187,31061,10
689,17189,17083,10
690,17191,34375,10
691,17193,"2,500-",10
692,17195,23750,10
693,17197,52196,10
694,17199,22679,10
695,17201,25152,10
696,17203,40417,10
697,18001,"2,500-",10
698,18003,29996,10
699,18005,35391,10
700,18007,66094,10
701,18009,-,10
702,18011,71223,10
703,18013,-,10
704,18015,-,10
705,18017,41563,10
706,18019,42492,10
707,18021,-,10
708,18023,19375,10
709,18025,-,10
710,18027,90583,10
711,18029,30143,10
712,18031,4625,10
713,18033,38125,10
714,18035,25675,10
715,18037,-,10
716,18039,27263,10
717,18041,14327,10
718,18043,31502,10
719,18045,-,10
720,18047,-,10
721,18049,19617,10
722,18051,33015,10
723,18053,24133,10
724,18055,-,10
725,18057,69102,10
726,18059,49948,10
727,18061,25586,10
728,18063,59796,10
729,18065,42125,10
730,18067,30383,10
731,18069,-,10
732,18071,15547,10
733,18073,14583,10
734,18075,-,10
735,18077,45492,10
736,18079,44868,10
737,18081,35000,10
738,18083,22903,10
739,18085,43008,10
740,18087,-,10
741,18089,30835,10
742,18091,24598,10
743,18093,29028,10
744,18095,28604,10
745,18097,31510,10
746,18099,55463,10
747,18101,-,10
748,18103,13780,10
749,18105,26089,10
750,18107,49234,10
751,18109,-,10
752,18111,13902,10
753,18113,103382,10
754,18115,14792,10
755,18117,73462,10
756,18119,24861,10
757,18121,-,10
758,18123,-,10
759,18125,-,10
760,18127,42194,10
761,18129,"2,500-",10
762,18131,-,10
763,18133,37969,10
764,18135,29063,10
765,18137,11786,10
766,18139,42656,10
767,18141,26762,10
768,18143,-,10
769,18145,29412,10
770,18147,11250,10
771,18149,16625,10
772,18151,18750,10
773,18153,"2,500-",10
774,18155,-,10
775,18157,23656,10
776,18159,-,10
777,18161,-,10
778,18163,23629,10
779,18165,66786,10
780,18167,18158,10
781,18169,28882,10
782,18171,-,10
783,18173,86071,10
784,18175,"2,500-",10
785,18177,29947,10
786,18179,31507,10
787,18181,-,10
788,18183,-,10
789,19001,-,10
790,19003,-,10
791,19005,-,10
792,19007,-,10
793,19009,-,10
794,19011,4511,10
795,19013,25030,10
796,19015,20263,10
797,19017,-,10
798,19019,-,10
799,19021,55417,10
800,19023,-,10
801,19025,-,10
802,19027,-,10
803,19029,61683,10
804,19031,-,10
805,19033,38618,10
806,19035,-,10
807,19037,-,10
808,19039,-,10
809,19041,-,10
810,19043,-,10
811,19045,18854,10
812,19047,-,10
813,19049,36579,10
814,19051,-,10
815,19053,-,10
816,19055,-,10
817,19057,10222,10
818,19059,-,10
819,19061,17302,10
820,19063,-,10
821,19065,17273,10
822,19067,"2,500-",10
823,19069,-,10
824,19071,68897,10
825,19073,-,10
826,19075,-,10
827,19077,-,10
828,19079,63542,10
829,19081,-,10
830,19083,-,10
831,19085,-,10
832,19087,-,10
833,19089,-,10
834,19091,-,10
835,19093,-,10
836,19095,-,10
837,19097,6964,10
838,19099,23590,10
839,19101,-,10
840,19103,16811,10
841,19105,-,10
842,19107,"2,500-",10
843,19109,-,10
844,19111,32212,10
845,19113,22425,10
846,19115,4219,10
847,19117,-,10
848,19119,-,10
849,19121,-,10
850,19123,27586,10
851,19125,57857,10
852,19127,21705,10
853,19129,-,10
854,19131,-,10
855,19133,-,10
856,19135,-,10
857,19137,-,10
858,19139,29375,10
859,19141,-,10
860,19143,-,10
861,19145,26875,10
862,19147,-,10
863,19149,-,10
864,19151,17292,10
865,19153,26725,10
866,19155,39107,10
867,19157,13438,10
868,19159,-,10
869,19161,-,10
870,19163,25384,10
871,19165,-,10
872,19167,19231,10
873,19169,26913,10
874,19171,-,10
875,19173,-,10
876,19175,18024,10
877,19177,-,10
878,19179,24688,10
879,19181,33333,10
880,19183,87031,10
881,19185,-,10
882,19187,12123,10
883,19189,-,10
884,19191,53750,10
885,19193,35250,10
886,19195,-,10
887,19197,-,10
888,20001,21667,10
889,20003,-,10
890,20005,29517,10
891,20007,-,10
892,20009,33191,10
893,20011,15588,10
894,20013,12500,10
895,20015,73527,10
896,20017,-,10
897,20019,-,10
898,20021,6490,10
899,20023,-,10
900,20025,-,10
901,20027,-,10
902,20029,-,10
903,20031,143750,10
904,20033,-,10
905,20035,27188,10
906,20037,17083,10
907,20039,-,10
908,20041,-,10
909,20043,30125,10
910,20045,29808,10
911,20047,-,10
912,20049,-,10
913,20051,27898,10
914,20053,-,10
915,20055,11000,10
916,20057,29181,10
917,20059,38516,10
918,20061,44507,10
919,20063,-,10
920,20065,51875,10
921,20067,-,10
922,20069,-,10
923,20071,-,10
924,20073,-,10
925,20075,-,10
926,20077,-,10
927,20079,21346,10
928,20081,-,10
929,20083,-,10
930,20085,23125,10
931,20087,57917,10
932,20089,"2,500-",10
933,20091,49489,10
934,20093,-,10
935,20095,-,10
936,20097,-,10
937,20099,14481,10
938,20101,-,10
939,20103,32059,10
940,20105,-,10
941,20107,18125,10
942,20109,-,10
943,20111,9813,10
944,20113,14038,10
945,20115,-,10
946,20117,33300,10
947,20119,-,10
948,20121,61950,10
949,20123,-,10
950,20125,29596,10
951,20127,-,10
952,20129,-,10
953,20131,41023,10
954,20133,39224,10
955,20135,-,10
956,20137,61042,10
957,20139,-,10
958,20141,-,10
959,20143,-,10
960,20145,28750,10
961,20147,-,10
962,20149,68750,10
963,20151,50508,10
964,20153,-,10
965,20155,13188,10
966,20157,-,10
967,20159,-,10
968,20161,41014,10
969,20163,40000,10
970,20165,-,10
971,20167,-,10
972,20169,24575,10
973,20171,-,10
974,20173,27746,10
975,20175,31125,10
976,20177,27058,10
977,20179,-,10
978,20181,-,10
979,20183,-,10
980,20185,-,10
981,20187,-,10
982,20189,-,10
983,20191,"2,500-",10
984,20193,-,10
985,20195,-,10
986,20197,43000,10
987,20199,-,10
988,20201,-,10
989,20203,-,10
990,20205,-,10
991,20207,-,10
992,20209,28865,10
993,21001,24643,10
994,21003,"2,500-",10
995,21005,68016,10
996,21007,11953,10
997,21009,33558,10
998,21011,11223,10
999,21013,26500,10
1000,21015,68220,10
1001,21017,23528,10
1002,21019,30143,10
1003,21021,28537,10
1004,21023,-,10
1005,21025,-,10
1006,21027,35357,10
1007,21029,65988,10
1008,21031,-,10
1009,21033,14048,10
1010,21035,27880,10
1011,21037,23601,10
1012,21039,-,10
1013,21041,12500,10
1014,21043,9653,10
1015,21045,-,10
1016,21047,26973,10
1017,21049,35188,10
1018,21051,14524,10
1019,21053,-,10
1020,21055,23214,10
1021,21057,18472,10
1022,21059,25991,10
1023,21061,-,10
1024,21063,-,10
1025,21065,"2,500-",10
1026,21067,28605,10
1027,21069,23958,10
1028,21071,25000,10
1029,21073,32411,10
1030,21075,25774,10
1031,21077,11667,10
1032,21079,8468,10
1033,21081,45345,10
1034,21083,19854,10
1035,21085,12269,10
1036,21087,17188,10
1037,21089,59107,10
1038,21091,70500,10
1039,21093,46100,10
1040,21095,16217,10
1041,21097,23713,10
1042,21099,24561,10
1043,21101,24760,10
1044,21103,25063,10
1045,21105,33500,10
1046,21107,25455,10
1047,21109,-,10
1048,21111,28325,10
1049,21113,50325,10
1050,21115,-,10
1051,21117,29864,10
1052,21119,-,10
1053,21121,37730,10
1054,21123,47163,10
1055,21125,21500,10
1056,21127,15375,10
1057,21129,-,10
1058,21131,-,10
1059,21133,12625,10
1060,21135,-,10
1061,21137,18697,10
1062,21139,-,10
1063,21141,21019,10
1064,21143,30313,10
1065,21145,23929,10
1066,21147,-,10
1067,21149,24464,10
1068,21151,30694,10
1069,21153,-,10
1070,21155,28142,10
1071,21157,-,10
1072,21159,-,10
1073,21161,29125,10
1074,21163,34107,10
1075,21165,-,10
1076,21167,35772,10
1077,21169,28250,10
1078,21171,13750,10
1079,21173,27859,10
1080,21175,-,10
1081,21177,26638,10
1082,21179,27128,10
1083,21181,55703,10
1084,21183,28092,10
1085,21185,33906,10
1086,21187,38250,10
1087,21189,-,10
1088,21191,-,10
1089,21193,16494,10
1090,21195,26054,10
1091,21197,57554,10
1092,21199,61065,10
1093,21201,-,10
1094,21203,-,10
1095,21205,-,10
1096,21207,28375,10
1097,21209,45829,10
1098,21211,29435,10
1099,21213,28047,10
1100,21215,33875,10
1101,21217,27849,10
1102,21219,38810,10
1103,21221,29837,10
1104,21223,-,10
1105,21225,37411,10
1106,21227,29000,10
1107,21229,27109,10
1108,21231,22135,10
1109,21233,43214,10
1110,21235,7614,10
1111,21237,-,10
1112,21239,43784,10
1113,22001,19093,10
1114,22003,23983,10
1115,22005,38571,10
1116,22007,28447,10
1117,22009,23410,10
1118,22011,32894,10
1119,22013,20105,10
1120,22015,29613,10
1121,22017,25317,10
1122,22019,27201,10
1123,22021,22981,10
1124,22023,-,10
1125,22025,17391,10
1126,22027,21483,10
1127,22029,15110,10
1128,22031,20215,10
1129,22033,32799,10
1130,22035,17601,10
1131,22037,24141,10
1132,22039,19488,10
1133,22041,16829,10
1134,22043,19353,10
1135,22045,23015,10
1136,22047,31262,10
1137,22049,31818,10
1138,22051,34409,10
1139,22053,22877,10
1140,22055,26565,10
1141,22057,23990,10
1142,22059,19034,10
1143,22061,20388,10
1144,22063,28716,10
1145,22065,22350,10
1146,22067,19885,10
1147,22069,18294,10
1148,22071,27107,10
1149,22073,25237,10
1150,22075,35673,10
1151,22077,24252,10
1152,22079,26324,10
1153,22081,24311,10
1154,22083,22080,10
1155,22085,15500,10
1156,22087,29471,10
1157,22089,41556,10
1158,22091,21379,10
1159,22093,39355,10
1160,22095,36942,10
1161,22097,19512,10
1162,22099,24241,10
1163,22101,25656,10
1164,22103,38796,10
1165,22105,22009,10
1166,22107,20703,10
1167,22109,29139,10
1168,22111,22521,10
1169,22113,22115,10
1170,22115,40360,10
1171,22117,17957,10
1172,22119,21114,10
1173,22121,31351,10
1174,22123,13214,10
1175,22125,23750,10
1176,22127,21461,10
1177,23001,21771,10
1178,23003,34271,10
1179,23005,26993,10
1180,23007,-,10
1181,23009,179583,10
1182,23011,37500,10
1183,23013,40278,10
1184,23015,44141,10
1185,23017,45721,10
1186,23019,45433,10
1187,23021,-,10
1188,23023,71250,10
1189,23025,16667,10
1190,23027,15500,10
1191,23029,24479,10
1192,23031,43357,10
1193,24001,33693,10
1194,24003,68208,10
1195,24005,55783,10
1196,24009,64310,10
1197,24011,39688,10
1198,24013,81481,10
1199,24015,49792,10
1200,24017,84440,10
1201,24019,29384,10
1202,24021,62898,10
1203,24023,-,10
1204,24025,63064,10
1205,24027,74793,10
1206,24029,32979,10
1207,24031,62487,10
1208,24033,71253,10
1209,24035,44242,10
1210,24037,54567,10
1211,24039,32792,10
1212,24041,45128,10
1213,24043,40828,10
1214,24045,37689,10
1215,24047,26588,10
1216,24510,33260,10
1217,25001,44343,10
1218,25003,31299,10
1219,25005,42844,10
1220,25007,49013,10
1221,25009,39627,10
1222,25011,38631,10
1223,25013,34740,10
1224,25015,36108,10
1225,25017,49250,10
1226,25019,80877,10
1227,25021,59570,10
1228,25023,50273,10
1229,25025,35906,10
1230,25027,46848,10
1231,26001,-,10
1232,26003,-,10
1233,26005,22321,10
1234,26007,11786,10
1235,26009,-,10
1236,26011,6750,10
1237,26013,-,10
1238,26015,22697,10
1239,26017,26449,10
1240,26019,-,10
1241,26021,19293,10
1242,26023,33906,10
1243,26025,25776,10
1244,26027,27794,10
1245,26029,28984,10
1246,26031,-,10
1247,26033,68417,10
1248,26035,55357,10
1249,26037,42891,10
1250,26039,-,10
1251,26041,-,10
1252,26043,-,10
1253,26045,53740,10
1254,26047,16429,10
1255,26049,28135,10
1256,26051,-,10
1257,26053,-,10
1258,26055,33194,10
1259,26057,21563,10
1260,26059,34219,10
1261,26061,4625,10
1262,26063,-,10
1263,26065,30652,10
1264,26067,97742,10
1265,26069,16250,10
1266,26071,-,10
1267,26073,6846,10
1268,26075,26188,10
1269,26077,25476,10
1270,26079,29688,10
1271,26081,26739,10
1272,26083,-,10
1273,26085,21944,10
1274,26087,81705,10
1275,26089,-,10
1276,26091,34870,10
1277,26093,104464,10
1278,26095,-,10
1279,26097,17596,10
1280,26099,38554,10
1281,26101,70000,10
1282,26103,63438,10
1283,26105,70259,10
1284,26107,11172,10
1285,26109,-,10
1286,26111,31477,10
1287,26113,-,10
1288,26115,28409,10
1289,26117,57699,10
1290,26119,-,10
1291,26121,23121,10
1292,26123,40089,10
1293,26125,48936,10
1294,26127,"2,500-",10
1295,26129,-,10
1296,26131,14219,10
1297,26133,31875,10
1298,26135,-,10
1299,26137,-,10
1300,26139,43289,10
1301,26141,-,10
1302,26143,-,10
1303,26145,23885,10
1304,26147,29764,10
1305,26149,38482,10
1306,26151,30625,10
1307,26153,-,10
1308,26155,53176,10
1309,26157,43833,10
1310,26159,24812,10
1311,26161,34664,10
1312,26163,29754,10
1313,26165,22750,10
1314,27001,-,10
1315,27003,48175,10
1316,27005,33750,10
1317,27007,36103,10
1318,27009,18224,10
1319,27011,-,10
1320,27013,15369,10
1321,27015,-,10
1322,27017,-,10
1323,27019,103875,10
1324,27021,-,10
1325,27023,8977,10
1326,27025,45769,10
1327,27027,43816,10
1328,27029,35268,10
1329,27031,-,10
1330,27033,-,10
1331,27035,25750,10
1332,27037,47808,10
1333,27039,-,10
1334,27041,35625,10
1335,27043,-,10
1336,27045,23426,10
1337,27047,43958,10
1338,27049,12938,10
1339,27051,14750,10
1340,27053,27764,10
1341,27055,-,10
1342,27057,-,10
1343,27059,57500,10
1344,27061,8634,10
1345,27063,-,10
1346,27065,85865,10
1347,27067,21292,10
1348,27069,-,10
1349,27071,-,10
1350,27073,-,10
1351,27075,-,10
1352,27077,-,10
1353,27079,17031,10
1354,27081,-,10
1355,27083,"2,500-",10
1356,27085,9144,10
1357,27087,-,10
1358,27089,9583,10
1359,27091,48036,10
1360,27093,-,10
1361,27095,-,10
1362,27097,-,10
1363,27099,41042,10
1364,27101,-,10
1365,27103,56645,10
1366,27105,22917,10
1367,27107,-,10
1368,27109,22375,10
1369,27111,21595,10
1370,27113,12875,10
1371,27115,45625,10
1372,27117,-,10
1373,27119,35526,10
1374,27121,-,10
1375,27123,25336,10
1376,27125,"2,500-",10
1377,27127,-,10
1378,27129,"2,500-",10
1379,27131,35625,10
1380,27133,6726,10
1381,27135,-,10
1382,27137,22620,10
1383,27139,53844,10
1384,27141,21336,10
1385,27143,-,10
1386,27145,26732,10
1387,27147,19327,10
1388,27149,43194,10
1389,27151,-,10
1390,27153,-,10
1391,27155,-,10
1392,27157,41786,10
1393,27159,83333,10
1394,27161,-,10
1395,27163,62998,10
1396,27165,-,10
1397,27167,-,10
1398,27169,41827,10
1399,27171,65938,10
1400,27173,13173,10
1401,28001,18901,10
1402,28003,17238,10
1403,28005,17017,10
1404,28007,18043,10
1405,28009,15247,10
1406,28011,20207,10
1407,28013,19645,10
1408,28015,15436,10
1409,28017,19636,10
1410,28019,20349,10
1411,28021,17640,10
1412,28023,21861,10
1413,28025,21648,10
1414,28027,20144,10
1415,28029,24333,10
1416,28031,19315,10
1417,28033,46558,10
1418,28035,22953,10
1419,28037,25254,10
1420,28039,18143,10
1421,28041,23389,10
1422,28043,23707,10
1423,28045,22712,10
1424,28047,31013,10
1425,28049,31570,10
1426,28051,18677,10
1427,28053,19383,10
1428,28055,15656,10
1429,28057,19605,10
1430,28059,28323,10
1431,28061,23479,10
1432,28063,21759,10
1433,28065,21467,10
1434,28067,22562,10
1435,28069,20105,10
1436,28071,26507,10
1437,28073,30331,10
1438,28075,22079,10
1439,28077,27634,10
1440,28079,22575,10
1441,28081,24815,10
1442,28083,16597,10
1443,28085,27137,10
1444,28087,21789,10
1445,28089,34858,10
1446,28091,24491,10
1447,28093,26393,10
1448,28095,19323,10
1449,28097,19942,10
1450,28099,20704,10
1451,28101,28447,10
1452,28103,17311,10
1453,28105,21896,10
1454,28107,23438,10
1455,28109,22794,10
1456,28111,30429,10
1457,28113,22259,10
1458,28115,24533,10
1459,28117,18884,10
1460,28119,20855,10
1461,28121,31217,10
1462,28123,26430,10
1463,28125,17941,10
1464,28127,25705,10
1465,28129,23155,10
1466,28131,20844,10
1467,28133,20719,10
1468,28135,18877,10
1469,28137,25509,10
1470,28139,32638,10
1471,28141,27622,10
1472,28143,22245,10
1473,28145,24560,10
1474,28147,26278,10
1475,28149,22478,10
1476,28151,21237,10
1477,28153,22263,10
1478,28155,21028,10
1479,28157,23259,10
1480,28159,21454,10
1481,28161,20196,10
1482,28163,17634,10
1483,29001,9073,10
1484,29003,44444,10
1485,29005,-,10
1486,29007,22065,10
1487,29009,-,10
1488,29011,-,10
1489,29013,9295,10
1490,29015,-,10
1491,29017,-,10
1492,29019,26402,10
1493,29021,22090,10
1494,29023,20000,10
1495,29025,-,10
1496,29027,59186,10
1497,29029,117931,10
1498,29031,22198,10
1499,29033,22000,10
1500,29035,-,10
1501,29037,54931,10
1502,29039,-,10
1503,29041,18250,10
1504,29043,51130,10
1505,29045,-,10
1506,29047,47627,10
1507,29049,46641,10
1508,29051,31472,10
1509,29053,42917,10
1510,29055,-,10
1511,29057,60000,10
1512,29059,-,10
1513,29061,81750,10
1514,29063,11667,10
1515,29065,12750,10
1516,29067,-,10
1517,29069,18421,10
1518,29071,34333,10
1519,29073,-,10
1520,29075,"2,500-",10
1521,29077,29296,10
1522,29079,-,10
1523,29081,-,10
1524,29083,13516,10
1525,29085,"2,500-",10
1526,29087,-,10
1527,29089,32917,10
1528,29091,46563,10
1529,29093,13036,10
1530,29095,29785,10
1531,29097,17335,10
1532,29099,50644,10
1533,29101,33021,10
1534,29103,-,10
1535,29105,44612,10
1536,29107,45625,10
1537,29109,-,10
1538,29111,21875,10
1539,29113,40750,10
1540,29115,20521,10
1541,29117,10163,10
1542,29119,43333,10
1543,29121,14573,10
1544,29123,-,10
1545,29125,14327,10
1546,29127,25202,10
1547,29129,-,10
1548,29131,19773,10
1549,29133,11426,10
1550,29135,9250,10
1551,29137,33011,10
1552,29139,27059,10
1553,29141,20938,10
1554,29143,17817,10
1555,29145,31197,10
1556,29147,15139,10
1557,29149,-,10
1558,29151,47159,10
1559,29153,-,10
1560,29155,14583,10
1561,29157,57667,10
1562,29159,33580,10
1563,29161,24133,10
1564,29163,38438,10
1565,29165,39188,10
1566,29167,-,10
1567,29169,45463,10
1568,29171,-,10
1569,29173,63333,10
1570,29175,23716,10
1571,29177,46250,10
1572,29179,-,10
1573,29181,-,10
1574,29183,55557,10
1575,29185,-,10
1576,29186,45000,10
1577,29187,22083,10
1578,29189,37116,10
1579,29195,27406,10
1580,29197,-,10
1581,29199,-,10
1582,29201,20814,10
1583,29203,-,10
1584,29205,-,10
1585,29207,11202,10
1586,29209,-,10
1587,29211,-,10
1588,29213,-,10
1589,29215,25714,10
1590,29217,-,10
1591,29219,26484,10
1592,29221,35536,10
1593,29223,-,10
1594,29225,37667,10
1595,29227,-,10
1596,29229,42031,10
1597,29510,23676,10
1598,30001,-,10
1599,30003,-,10
1600,30005,-,10
1601,30007,-,10
1602,30009,-,10
1603,30011,-,10
1604,30013,23367,10
1605,30015,-,10
1606,30017,-,10
1607,30019,-,10
1608,30021,-,10
1609,30023,-,10
1610,30025,-,10
1611,30027,-,10
1612,30029,-,10
1613,30031,44697,10
1614,30033,-,10
1615,30035,-,10
1616,30037,-,10
1617,30039,-,10
1618,30041,-,10
1619,30043,-,10
1620,30045,-,10
1621,30047,-,10
1622,30049,17045,10
1623,30051,-,10
1624,30053,-,10
1625,30055,-,10
1626,30057,-,10
1627,30059,-,10
1628,30061,-,10
1629,30063,22788,10
1630,30065,-,10
1631,30067,-,10
1632,30069,20156,10
1633,30071,-,10
1634,30073,70357,10
1635,30075,-,10
1636,30077,-,10
1637,30079,-,10
1638,30081,-,10
1639,30083,-,10
1640,30085,-,10
1641,30087,90781,10
1642,30089,-,10
1643,30091,-,10
1644,30093,-,10
1645,30095,-,10
1646,30097,-,10
1647,30099,-,10
1648,30101,-,10
1649,30103,-,10
1650,30105,-,10
1651,30107,-,10
1652,30109,-,10
1653,30111,47563,10
1654,31001,14167,10
1655,31003,50481,10
1656,31005,-,10
1657,31007,-,10
1658,31009,-,10
1659,31011,-,10
1660,31013,-,10
1661,31015,-,10
1662,31017,-,10
1663,31019,36208,10
1664,31021,"2,500-",10
1665,31023,43594,10
1666,31025,60682,10
1667,31027,-,10
1668,31029,-,10
1669,31031,-,10
1670,31033,-,10
1671,31035,-,10
1672,31037,-,10
1673,31039,-,10
1674,31041,-,10
1675,31043,26038,10
1676,31045,3822,10
1677,31047,26990,10
1678,31049,-,10
1679,31051,-,10
1680,31053,-,10
1681,31055,25921,10
1682,31057,-,10
1683,31059,-,10
1684,31061,-,10
1685,31063,-,10
1686,31065,-,10
1687,31067,-,10
1688,31069,-,10
1689,31071,-,10
1690,31073,-,10
1691,31075,-,10
1692,31077,-,10
1693,31079,26250,10
1694,31081,-,10
1695,31083,-,10
1696,31085,-,10
1697,31087,-,10
1698,31089,-,10
1699,31091,-,10
1700,31093,-,10
1701,31095,-,10
1702,31097,-,10
1703,31099,-,10
1704,31101,-,10
1705,31103,-,10
1706,31105,-,10
1707,31107,-,10
1708,31109,30484,10
1709,31111,33885,10
1710,31113,-,10
1711,31115,-,10
1712,31117,-,10
1713,31119,31563,10
1714,31121,-,10
1715,31123,-,10
1716,31125,-,10
1717,31127,-,10
1718,31129,-,10
1719,31131,-,10
1720,31133,-,10
1721,31135,-,10
1722,31137,-,10
1723,31139,-,10
1724,31141,-,10
1725,31143,-,10
1726,31145,-,10
1727,31147,-,10
1728,31149,-,10
1729,31151,-,10
1730,31153,54293,10
1731,31155,-,10
1732,31157,26607,10
1733,31159,"2,500-",10
1734,31161,-,10
1735,31163,-,10
1736,31165,-,10
1737,31167,-,10
1738,31169,-,10
1739,31171,-,10
1740,31173,-,10
1741,31175,-,10
1742,31177,77875,10
1743,31179,-,10
1744,31181,-,10
1745,31183,-,10
1746,31185,-,10
1747,32001,49583,10
1748,32003,42611,10
1749,32005,33385,10
1750,32007,68438,10
1751,32009,-,10
1752,32011,-,10
1753,32013,-,10
1754,32015,-,10
1755,32017,-,10
1756,32019,87555,10
1757,32021,18889,10
1758,32023,41282,10
1759,32027,56250,10
1760,32029,-,10
1761,32031,34511,10
1762,32033,-,10
1763,32510,18088,10
1764,33001,51602,10
1765,33003,-,10
1766,33005,40714,10
1767,33007,14342,10
1768,33009,43472,10
1769,33011,41850,10
1770,33013,24000,10
1771,33015,68864,10
1772,33017,53720,10
1773,33019,76250,10
1774,34001,39765,10
1775,34003,62465,10
1776,34005,63812,10
1777,34007,44106,10
1778,34009,36625,10
1779,34011,36270,10
1780,34013,41033,10
1781,34015,56064,10
1782,34017,41231,10
1783,34019,62321,10
1784,34021,43404,10
1785,34023,66412,10
1786,34025,45375,10
1787,34027,58671,10
1788,34029,51394,10
1789,34031,36489,10
1790,34033,29776,10
1791,34035,82612,10
1792,34037,71392,10
1793,34039,50659,10
1794,34041,63807,10
1795,35001,40000,10
1796,35003,-,10
1797,35005,29500,10
1798,35006,-,10
1799,35007,-,10
1800,35009,24628,10
1801,35011,-,10
1802,35013,35542,10
1803,35015,33869,10
1804,35017,46250,10
1805,35019,-,10
1806,35021,-,10
1807,35023,-,10
1808,35025,29216,10
1809,35027,-,10
1810,35028,42250,10
1811,35029,12734,10
1812,35031,59423,10
1813,35033,-,10
1814,35035,41250,10
1815,35037,21750,10
1816,35039,53188,10
1817,35041,10227,10
1818,35043,73306,10
1819,35045,41183,10
1820,35047,43542,10
1821,35049,38906,10
1822,35051,14271,10
1823,35053,19444,10
1824,35055,30278,10
1825,35057,-,10
1826,35059,42400,10
1827,35061,45643,10
1828,36001,33811,10
1829,36003,11667,10
1830,36005,36127,10
1831,36007,26189,10
1832,36009,30357,10
1833,36011,29663,10
1834,36013,24821,10
1835,36015,34966,10
1836,36017,42708,10
1837,36019,34286,10
1838,36021,34750,10
1839,36023,53913,10
1840,36025,19583,10
1841,36027,44455,10
1842,36029,25195,10
1843,36031,37500,10
1844,36033,10179,10
1845,36035,49044,10
1846,36037,36500,10
1847,36039,34125,10
1848,36041,-,10
1849,36043,21389,10
1850,36045,42386,10
1851,36047,39892,10
1852,36049,46250,10
1853,36051,41429,10
1854,36053,41705,10
1855,36055,28239,10
1856,36057,30865,10
1857,36059,78092,10
1858,36061,31493,10
1859,36063,23267,10
1860,36065,21357,10
1861,36067,26745,10
1862,36069,26719,10
1863,36071,60754,10
1864,36073,14668,10
1865,36075,39306,10
1866,36077,34401,10
1867,36079,97917,10
1868,36081,56453,10
1869,36083,26017,10
1870,36085,40858,10
1871,36087,64186,10
1872,36089,64000,10
1873,36091,53000,10
1874,36093,31373,10
1875,36095,53750,10
1876,36097,135481,10
1877,36099,29583,10
1878,36101,38721,10
1879,36103,69447,10
1880,36105,31917,10
1881,36107,65927,10
1882,36109,25527,10
1883,36111,42510,10
1884,36113,38750,10
1885,36115,25179,10
1886,36117,26880,10
1887,36119,50699,10
1888,36121,55714,10
1889,36123,"2,500-",10
1890,37001,28235,10
1891,37003,31375,10
1892,37005,42500,10
1893,37007,26014,10
1894,37009,-,10
1895,37011,-,10
1896,37013,21499,10
1897,37015,24784,10
1898,37017,21097,10
1899,37019,27963,10
1900,37021,26651,10
1901,37023,34792,10
1902,37025,41801,10
1903,37027,20728,10
1904,37029,42074,10
1905,37031,27913,10
1906,37033,26011,10
1907,37035,26849,10
1908,37037,27478,10
1909,37039,16411,10
1910,37041,20563,10
1911,37043,-,10
1912,37045,27285,10
1913,37047,20574,10
1914,37049,28692,10
1915,37051,37357,10
1916,37053,31281,10
1917,37055,35430,10
1918,37057,26187,10
1919,37059,30469,10
1920,37061,22925,10
1921,37063,36631,10
1922,37065,26037,10
1923,37067,33092,10
1924,37069,28424,10
1925,37071,29754,10
1926,37073,29136,10
1927,37075,-,10
1928,37077,34561,10
1929,37079,31750,10
1930,37081,32329,10
1931,37083,23168,10
1932,37085,28515,10
1933,37087,41607,10
1934,37089,37351,10
1935,37091,24270,10
1936,37093,35615,10
1937,37095,14243,10
1938,37097,31851,10
1939,37099,30435,10
1940,37101,31608,10
1941,37103,28353,10
1942,37105,28442,10
1943,37107,25240,10
1944,37109,25344,10
1945,37111,32721,10
1946,37113,25362,10
1947,37115,70227,10
1948,37117,25651,10
1949,37119,40308,10
1950,37121,-,10
1951,37123,18911,10
1952,37125,25417,10
1953,37127,34532,10
1954,37129,25621,10
1955,37131,24451,10
1956,37133,35990,10
1957,37135,30799,10
1958,37137,28218,10
1959,37139,31803,10
1960,37141,32921,10
1961,37143,19469,10
1962,37145,35421,10
1963,37147,27284,10
1964,37149,33031,10
1965,37151,29589,10
1966,37153,20810,10
1967,37155,22196,10
1968,37157,29625,10
1969,37159,28507,10
1970,37161,18552,10
1971,37163,25733,10
1972,37165,21191,10
1973,37167,29468,10
1974,37169,36434,10
1975,37171,24396,10
1976,37173,16862,10
1977,37175,31233,10
1978,37177,16414,10
1979,37179,41985,10
1980,37181,25981,10
1981,37183,41415,10
1982,37185,24637,10
1983,37187,22786,10
1984,37189,22292,10
1985,37191,30178,10
1986,37193,27212,10
1987,37195,26498,10
1988,37197,34228,10
1989,37199,8750,10
1990,38001,-,10
1991,38003,-,10
1992,38005,"2,500-",10
1993,38007,-,10
1994,38009,-,10
1995,38011,-,10
1996,38013,-,10
1997,38015,21741,10
1998,38017,16947,10
1999,38019,-,10
2000,38021,10938,10
2001,38023,-,10
2002,38025,-,10
2003,38027,-,10
2004,38029,-,10
2005,38031,-,10
2006,38033,-,10
2007,38035,31547,10
2008,38037,-,10
2009,38039,-,10
2010,38041,-,10
2011,38043,-,10
2012,38045,-,10
2013,38047,-,10
2014,38049,-,10
2015,38051,-,10
2016,38053,8958,10
2017,38055,148167,10
2018,38057,-,10
2019,38059,-,10
2020,38061,"2,500-",10
2021,38063,-,10
2022,38065,-,10
2023,38067,-,10
2024,38069,-,10
2025,38071,30731,10
2026,38073,-,10
2027,38075,-,10
2028,38077,-,10
2029,38079,-,10
2030,38081,-,10
2031,38083,-,10
2032,38085,-,10
2033,38087,-,10
2034,38089,-,10
2035,38091,-,10
2036,38093,15833,10
2037,38095,-,10
2038,38097,28333,10
2039,38099,-,10
2040,38101,37852,10
2041,38103,-,10
2042,38105,-,10
2043,39001,14167,10
2044,39003,24317,10
2045,39005,43264,10
2046,39007,30610,10
2047,39009,16208,10
2048,39011,12679,10
2049,39013,31742,10
2050,39015,57500,10
2051,39017,39558,10
2052,39019,17059,10
2053,39021,44091,10
2054,39023,26816,10
2055,39025,52923,10
2056,39027,24175,10
2057,39029,33186,10
2058,39031,45625,10
2059,39033,32292,10
2060,39035,28006,10
2061,39037,32604,10
2062,39039,42396,10
2063,39041,79282,10
2064,39043,32465,10
2065,39045,61307,10
2066,39047,36304,10
2067,39049,32224,10
2068,39051,-,10
2069,39053,20474,10
2070,39055,62083,10
2071,39057,21489,10
2072,39059,22500,10
2073,39061,27832,10
2074,39063,33146,10
2075,39065,71339,10
2076,39067,16964,10
2077,39069,16615,10
2078,39071,24830,10
2079,39073,29688,10
2080,39075,100714,10
2081,39077,46250,10
2082,39079,25060,10
2083,39081,18328,10
2084,39083,47222,10
2085,39085,35132,10
2086,39087,36450,10
2087,39089,63250,10
2088,39091,44141,10
2089,39093,29075,10
2090,39095,23495,10
2091,39097,26489,10
2092,39099,20438,10
2093,39101,22857,10
2094,39103,33510,10
2095,39105,30341,10
2096,39107,15357,10
2097,39109,37820,10
2098,39111,"2,500-",10
2099,39113,29823,10
2100,39115,31987,10
2101,39117,68333,10
2102,39119,23370,10
2103,39121,-,10
2104,39123,9677,10
2105,39125,27083,10
2106,39127,-,10
2107,39129,42019,10
2108,39131,12296,10
2109,39133,34496,10
2110,39135,47604,10
2111,39137,-,10
2112,39139,31187,10
2113,39141,44441,10
2114,39143,27847,10
2115,39145,17389,10
2116,39147,25000,10
2117,39149,42212,10
2118,39151,23716,10
2119,39153,27808,10
2120,39155,24697,10
2121,39157,23723,10
2122,39159,104318,10
2123,39161,53487,10
2124,39163,-,10
2125,39165,77841,10
2126,39167,36793,10
2127,39169,25632,10
2128,39171,60625,10
2129,39173,23375,10
2130,39175,-,10
2131,40001,-,10
2132,40003,-,10
2133,40005,21659,10
2134,40007,-,10
2135,40009,39120,10
2136,40011,30848,10
2137,40013,27156,10
2138,40015,26250,10
2139,40017,36100,10
2140,40019,19910,10
2141,40021,17500,10
2142,40023,16674,10
2143,40025,-,10
2144,40027,39637,10
2145,40029,-,10
2146,40031,37171,10
2147,40033,21250,10
2148,40035,13831,10
2149,40037,24250,10
2150,40039,28109,10
2151,40041,44375,10
2152,40043,57679,10
2153,40045,-,10
2154,40047,38286,10
2155,40049,26875,10
2156,40051,29063,10
2157,40053,-,10
2158,40055,13125,10
2159,40057,32083,10
2160,40059,-,10
2161,40061,54375,10
2162,40063,32891,10
2163,40065,29671,10
2164,40067,"2,500-",10
2165,40069,28125,10
2166,40071,27125,10
2167,40073,22167,10
2168,40075,13047,10
2169,40077,-,10
2170,40079,27526,10
2171,40081,30404,10
2172,40083,24875,10
2173,40085,18250,10
2174,40087,55917,10
2175,40089,18172,10
2176,40091,13304,10
2177,40093,-,10
2178,40095,45147,10
2179,40097,26330,10
2180,40099,60707,10
2181,40101,26000,10
2182,40103,9928,10
2183,40105,35208,10
2184,40107,16490,10
2185,40109,30247,10
2186,40111,25536,10
2187,40113,31439,10
2188,40115,24663,10
2189,40117,16058,10
2190,40119,28036,10
2191,40121,34417,10
2192,40123,35625,10
2193,40125,21791,10
2194,40127,12500,10
2195,40129,-,10
2196,40131,43279,10
2197,40133,30183,10
2198,40135,25000,10
2199,40137,28545,10
2200,40139,-,10
2201,40141,23839,10
2202,40143,25979,10
2203,40145,33386,10
2204,40147,31375,10
2205,40149,26875,10
2206,40151,80682,10
2207,40153,-,10
2208,41001,-,10
2209,41003,28125,10
2210,41005,52703,10
2211,41007,65972,10
2212,41009,95250,10
2213,41011,27409,10
2214,41013,-,10
2215,41015,-,10
2216,41017,65905,10
2217,41019,37917,10
2218,41021,-,10
2219,41023,-,10
2220,41025,-,10
2221,41027,100469,10
2222,41029,35179,10
2223,41031,46250,10
2224,41033,31782,10
2225,41035,24630,10
2226,41037,44545,10
2227,41039,44615,10
2228,41041,48920,10
2229,41043,16058,10
2230,41045,15969,10
2231,41047,36414,10
2232,41049,-,10
2233,41051,27263,10
2234,41053,54464,10
2235,41055,-,10
2236,41057,11389,10
2237,41059,25938,10
2238,41061,-,10
2239,41063,-,10
2240,41065,-,10
2241,41067,57432,10
2242,41069,-,10
2243,41071,132643,10
2244,42001,42679,10
2245,42003,25687,10
2246,42005,39241,10
2247,42007,28187,10
2248,42009,32500,10
2249,42011,34433,10
2250,42013,19979,10
2251,42015,30000,10
2252,42017,42005,10
2253,42019,53527,10
2254,42021,22212,10
2255,42023,-,10
2256,42025,61168,10
2257,42027,32792,10
2258,42029,45386,10
2259,42031,16865,10
2260,42033,50000,10
2261,42035,"2,500-",10
2262,42037,60972,10
2263,42039,17826,10
2264,42041,42569,10
2265,42043,34139,10
2266,42045,39250,10
2267,42047,-,10
2268,42049,21648,10
2269,42051,21722,10
2270,42053,-,10
2271,42055,45083,10
2272,42057,11875,10
2273,42059,56406,10
2274,42061,12143,10
2275,42063,3188,10
2276,42065,33333,10
2277,42067,36429,10
2278,42069,28889,10
2279,42071,32202,10
2280,42073,24750,10
2281,42075,39013,10
2282,42077,39320,10
2283,42079,21465,10
2284,42081,22989,10
2285,42083,16563,10
2286,42085,27643,10
2287,42087,58864,10
2288,42089,60459,10
2289,42091,56999,10
2290,42093,64875,10
2291,42095,48736,10
2292,42097,29538,10
2293,42099,26852,10
2294,42101,29814,10
2295,42103,70590,10
2296,42105,29531,10
2297,42107,19269,10
2298,42109,60682,10
2299,42111,34688,10
2300,42113,-,10
2301,42115,49167,10
2302,42117,4014,10
2303,42119,24757,10
2304,42121,33934,10
2305,42123,9063,10
2306,42125,31471,10
2307,42127,49844,10
2308,42129,21829,10
2309,42131,62386,10
2310,42133,38758,10
2311,44001,53516,10
2312,44003,44000,10
2313,44005,34009,10
2314,44007,34094,10
2315,44009,24712,10
2316,45001,17828,10
2317,45003,30649,10
2318,45005,17274,10
2319,45007,26694,10
2320,45009,25407,10
2321,45011,23869,10
2322,45013,31906,10
2323,45015,37561,10
2324,45017,27632,10
2325,45019,28802,10
2326,45021,21571,10
2327,45023,23630,10
2328,45025,23439,10
2329,45027,24173,10
2330,45029,22084,10
2331,45031,28237,10
2332,45033,21015,10
2333,45035,34127,10
2334,45037,21458,10
2335,45039,24656,10
2336,45041,28575,10
2337,45043,24339,10
2338,45045,29408,10
2339,45047,27033,10
2340,45049,26336,10
2341,45051,23884,10
2342,45053,28429,10
2343,45055,31164,10
2344,45057,28041,10
2345,45059,28980,10
2346,45061,20688,10
2347,45063,32262,10
2348,45065,24368,10
2349,45067,23151,10
2350,45069,24085,10
2351,45071,25833,10
2352,45073,28689,10
2353,45075,25754,10
2354,45077,29235,10
2355,45079,36914,10
2356,45081,29792,10
2357,45083,28206,10
2358,45085,27733,10
2359,45087,22957,10
2360,45089,19275,10
2361,45091,33598,10
2362,46003,-,10
2363,46005,23671,10
2364,46007,-,10
2365,46009,55536,10
2366,46011,36985,10
2367,46013,-,10
2368,46015,-,10
2369,46017,-,10
2370,46019,62697,10
2371,46021,-,10
2372,46023,63594,10
2373,46025,-,10
2374,46027,9207,10
2375,46029,-,10
2376,46031,-,10
2377,46033,-,10
2378,46035,-,10
2379,46037,-,10
2380,46039,-,10
2381,46041,-,10
2382,46043,-,10
2383,46045,-,10
2384,46047,-,10
2385,46049,-,10
2386,46051,-,10
2387,46053,-,10
2388,46055,-,10
2389,46057,-,10
2390,46059,-,10
2391,46061,-,10
2392,46063,-,10
2393,46065,32250,10
2394,46067,-,10
2395,46069,-,10
2396,46071,-,10
2397,46073,-,10
2398,46075,-,10
2399,46077,-,10
2400,46079,-,10
2401,46081,-,10
2402,46083,"2,500-",10
2403,46085,-,10
2404,46087,-,10
2405,46089,-,10
2406,46091,-,10
2407,46093,49250,10
2408,46095,-,10
2409,46097,-,10
2410,46099,32400,10
2411,46101,-,10
2412,46103,32684,10
2413,46105,-,10
2414,46107,-,10
2415,46109,83438,10
2416,46111,-,10
2417,46113,-,10
2418,46115,21641,10
2419,46117,-,10
2420,46119,-,10
2421,46121,-,10
2422,46123,-,10
2423,46125,-,10
2424,46127,58487,10
2425,46129,-,10
2426,46135,12188,10
2427,46137,-,10
2428,47001,31875,10
2429,47003,21263,10
2430,47005,28345,10
2431,47007,30089,10
2432,47009,38030,10
2433,47011,36573,10
2434,47013,33906,10
2435,47015,46250,10
2436,47017,26923,10
2437,47019,16657,10
2438,47021,77778,10
2439,47023,28167,10
2440,47025,22121,10
2441,47027,7316,10
2442,47029,17132,10
2443,47031,30833,10
2444,47033,30632,10
2445,47035,77500,10
2446,47037,32723,10
2447,47039,14423,10
2448,47041,29904,10
2449,47043,28750,10
2450,47045,23431,10
2451,47047,37031,10
2452,47049,-,10
2453,47051,35216,10
2454,47053,19739,10
2455,47055,23825,10
2456,47057,4934,10
2457,47059,39004,10
2458,47061,-,10
2459,47063,34630,10
2460,47065,26787,10
2461,47067,-,10
2462,47069,29092,10
2463,47071,37946,10
2464,47073,42881,10
2465,47075,26094,10
2466,47077,34808,10
2467,47079,19648,10
2468,47081,12955,10
2469,47083,30000,10
2470,47085,26417,10
2471,47087,-,10
2472,47089,18159,10
2473,47091,9297,10
2474,47093,23607,10
2475,47095,22740,10
2476,47097,24688,10
2477,47099,22787,10
2478,47101,3875,10
2479,47103,24741,10
2480,47105,40833,10
2481,47107,28455,10
2482,47109,22161,10
2483,47111,-,10
2484,47113,25536,10
2485,47115,27250,10
2486,47117,19639,10
2487,47119,30052,10
2488,47121,12989,10
2489,47123,32713,10
2490,47125,38176,10
2491,47127,11685,10
2492,47129,-,10
2493,47131,24816,10
2494,47133,-,10
2495,47135,34342,10
2496,47137,-,10
2497,47139,-,10
2498,47141,22826,10
2499,47143,30069,10
2500,47145,26505,10
2501,47147,26400,10
2502,47149,41329,10
2503,47151,-,10
2504,47153,-,10
2505,47155,38882,10
2506,47157,32489,10
2507,47159,38594,10
2508,47161,26442,10
2509,47163,36875,10
2510,47165,41667,10
2511,47167,27293,10
2512,47169,23576,10
2513,47171,-,10
2514,47173,-,10
2515,47175,-,10
2516,47177,28750,10
2517,47179,25625,10
2518,47181,21940,10
2519,47183,17017,10
2520,47185,16860,10
2521,47187,65915,10
2522,47189,42594,10
2523,48001,24146,10
2524,48003,56250,10
2525,48005,26296,10
2526,48007,21771,10
2527,48009,62500,10
2528,48011,-,10
2529,48013,16719,10
2530,48015,24167,10
2531,48017,-,10
2532,48019,-,10
2533,48021,32069,10
2534,48023,8523,10
2535,48025,55000,10
2536,48027,44110,10
2537,48029,40551,10
2538,48031,21188,10
2539,48033,-,10
2540,48035,58000,10
2541,48037,28928,10
2542,48039,61926,10
2543,48041,24180,10
2544,48043,-,10
2545,48045,19375,10
2546,48047,-,10
2547,48049,24907,10
2548,48051,25729,10
2549,48053,33000,10
2550,48055,26337,10
2551,48057,37784,10
2552,48059,73438,10
2553,48061,42740,10
2554,48063,21856,10
2555,48065,-,10
2556,48067,17188,10
2557,48069,11607,10
2558,48071,44477,10
2559,48073,27747,10
2560,48075,13295,10
2561,48077,78150,10
2562,48079,46500,10
2563,48081,-,10
2564,48083,8929,10
2565,48085,57077,10
2566,48087,12336,10
2567,48089,19030,10
2568,48091,72421,10
2569,48093,11897,10
2570,48095,-,10
2571,48097,36885,10
2572,48099,44007,10
2573,48101,23333,10
2574,48103,30875,10
2575,48105,-,10
2576,48107,30000,10
2577,48109,-,10
2578,48111,36250,10
2579,48113,36359,10
2580,48115,21667,10
2581,48117,9315,10
2582,48119,19189,10
2583,48121,49931,10
2584,48123,29861,10
2585,48125,33333,10
2586,48127,-,10
2587,48129,6875,10
2588,48131,19926,10
2589,48133,28250,10
2590,48135,31848,10
2591,48137,-,10
2592,48139,36087,10
2593,48141,44746,10
2594,48143,18409,10
2595,48145,18204,10
2596,48147,23790,10
2597,48149,24930,10
2598,48151,11500,10
2599,48153,31406,10
2600,48155,20000,10
2601,48157,64910,10
2602,48159,16406,10
2603,48161,20720,10
2604,48163,-,10
2605,48165,36042,10
2606,48167,33605,10
2607,48169,-,10
2608,48171,-,10
2609,48173,-,10
2610,48175,13667,10
2611,48177,21367,10
2612,48179,22163,10
2613,48181,34550,10
2614,48183,28042,10
2615,48185,18438,10
2616,48187,64951,10
2617,48189,25590,10
2618,48191,28333,10
2619,48193,-,10
2620,48195,-,10
2621,48197,14000,10
2622,48199,31908,10
2623,48201,36233,10
2624,48203,22789,10
2625,48205,-,10
2626,48207,8542,10
2627,48209,45029,10
2628,48211,-,10
2629,48213,23771,10
2630,48215,48977,10
2631,48217,24297,10
2632,48219,21893,10
2633,48221,33224,10
2634,48223,32262,10
2635,48225,19505,10
2636,48227,25027,10
2637,48229,-,10
2638,48231,22697,10
2639,48233,30150,10
2640,48235,75781,10
2641,48237,19886,10
2642,48239,30795,10
2643,48241,17884,10
2644,48243,-,10
2645,48245,28971,10
2646,48247,-,10
2647,48249,25859,10
2648,48251,44657,10
2649,48253,20046,10
2650,48255,59844,10
2651,48257,47308,10
2652,48259,23015,10
2653,48261,-,10
2654,48263,-,10
2655,48265,18073,10
2656,48267,-,10
2657,48269,-,10
2658,48271,16932,10
2659,48273,11972,10
2660,48275,11071,10
2661,48277,25850,10
2662,48279,28688,10
2663,48281,72222,10
2664,48283,-,10
2665,48285,28083,10
2666,48287,23295,10
2667,48289,16958,10
2668,48291,24637,10
2669,48293,26754,10
2670,48295,-,10
2671,48297,-,10
2672,48299,-,10
2673,48301,-,10
2674,48303,26192,10
2675,48305,30662,10
2676,48307,10927,10
2677,48309,24874,10
2678,48311,-,10
2679,48313,25048,10
2680,48315,16801,10
2681,48317,-,10
2682,48319,-,10
2683,48321,20833,10
2684,48323,10341,10
2685,48325,20582,10
2686,48327,-,10
2687,48329,33771,10
2688,48331,18654,10
2689,48333,-,10
2690,48335,12957,10
2691,48337,-,10
2692,48339,42193,10
2693,48341,27500,10
2694,48343,21061,10
2695,48345,-,10
2696,48347,19488,10
2697,48349,27425,10
2698,48351,18064,10
2699,48353,16667,10
2700,48355,28125,10
2701,48357,-,10
2702,48359,-,10
2703,48361,26927,10
2704,48363,26607,10
2705,48365,30379,10
2706,48367,39886,10
2707,48369,18750,10
2708,48371,66000,10
2709,48373,27460,10
2710,48375,24261,10
2711,48377,-,10
2712,48379,24531,10
2713,48381,40239,10
2714,48383,71319,10
2715,48385,-,10
2716,48387,27383,10
2717,48389,15000,10
2718,48391,46250,10
2719,48393,-,10
2720,48395,19085,10
2721,48397,71402,10
2722,48399,-,10
2723,48401,30658,10
2724,48403,26053,10
2725,48405,19244,10
2726,48407,21750,10
2727,48409,30156,10
2728,48411,-,10
2729,48413,6875,10
2730,48415,19464,10
2731,48417,"2,500-",10
2732,48419,20255,10
2733,48421,-,10
2734,48423,27824,10
2735,48425,-,10
2736,48427,-,10
2737,48429,71818,10
2738,48431,-,10
2739,48433,17292,10
2740,48435,-,10
2741,48437,24231,10
2742,48439,40333,10
2743,48441,36167,10
2744,48443,-,10
2745,48445,12292,10
2746,48447,-,10
2747,48449,26994,10
2748,48451,27746,10
2749,48453,36227,10
2750,48455,17105,10
2751,48457,25735,10
2752,48459,24030,10
2753,48461,9732,10
2754,48463,4500,10
2755,48465,33500,10
2756,48467,19718,10
2757,48469,32970,10
2758,48471,19512,10
2759,48473,27500,10
2760,48475,46136,10
2761,48477,20729,10
2762,48479,31250,10
2763,48481,20489,10
2764,48483,42717,10
2765,48485,26775,10
2766,48487,12639,10
2767,48489,-,10
2768,48491,54500,10
2769,48493,44389,10
2770,48495,19583,10
2771,48497,49500,10
2772,48499,38986,10
2773,48501,11477,10
2774,48503,28603,10
2775,48505,-,10
2776,48507,-,10
2777,49001,-,10
2778,49003,-,10
2779,49005,20368,10
2780,49007,"2,500-",10
2781,49009,-,10
2782,49011,56366,10
2783,49013,-,10
2784,49015,-,10
2785,49017,-,10
2786,49019,-,10
2787,49021,-,10
2788,49023,-,10
2789,49025,-,10
2790,49027,-,10
2791,49029,-,10
2792,49031,-,10
2793,49033,-,10
2794,49035,36747,10
2795,49037,-,10
2796,49039,-,10
2797,49041,-,10
2798,49043,53533,10
2799,49045,79167,10
2800,49047,-,10
2801,49049,29722,10
2802,49051,-,10
2803,49053,26699,10
2804,49055,-,10
2805,49057,42371,10
2806,50001,95250,10
2807,50003,47045,10
2808,50005,24519,10
2809,50007,41228,10
2810,50009,"2,500-",10
2811,50011,40257,10
2812,50013,-,10
2813,50015,16290,10
2814,50017,68750,10
2815,50019,32206,10
2816,50021,39583,10
2817,50023,9875,10
2818,50025,73279,10
2819,50027,21250,10
2820,51001,28312,10
2821,51003,38526,10
2822,51005,27853,10
2823,51007,38750,10
2824,51009,31275,10
2825,51011,41613,10
2826,51013,54218,10
2827,51015,40833,10
2828,51017,41757,10
2829,51019,35250,10
2830,51021,29125,10
2831,51023,34500,10
2832,51025,25391,10
2833,51027,"2,500-",10
2834,51029,29428,10
2835,51031,32654,10
2836,51033,45929,10
2837,51035,11298,10
2838,51036,41038,10
2839,51037,26111,10
2840,51041,59676,10
2841,51043,42361,10
2842,51045,-,10
2843,51047,42500,10
2844,51049,23092,10
2845,51051,30000,10
2846,51053,44193,10
2847,51057,41750,10
2848,51059,75072,10
2849,51061,49600,10
2850,51063,13725,10
2851,51065,47721,10
2852,51067,31334,10
2853,51069,53750,10
2854,51071,44563,10
2855,51073,37941,10
2856,51075,36929,10
2857,51077,35380,10
2858,51079,35341,10
2859,51081,37580,10
2860,51083,23730,10
2861,51085,59775,10
2862,51087,46636,10
2863,51089,29449,10
2864,51091,-,10
2865,51093,38131,10
2866,51095,44739,10
2867,51097,38953,10
2868,51099,58294,10
2869,51101,45320,10
2870,51103,32714,10
2871,51105,10893,10
2872,51107,88321,10
2873,51109,35008,10
2874,51111,34909,10
2875,51113,41077,10
2876,51115,23419,10
2877,51117,24241,10
2878,51119,32893,10
2879,51121,31646,10
2880,51125,38445,10
2881,51127,49563,10
2882,51131,20188,10
2883,51133,28178,10
2884,51135,33542,10
2885,51137,31417,10
2886,51139,42857,10
2887,51141,39413,10
2888,51143,29165,10
2889,51145,50769,10
2890,51147,29372,10
2891,51149,60833,10
2892,51153,77321,10
2893,51155,25121,10
2894,51157,47798,10
2895,51159,35234,10
2896,51161,49557,10
2897,51163,23622,10
2898,51165,46875,10
2899,51167,36154,10
2900,51169,71063,10
2901,51171,56167,10
2902,51173,25278,10
2903,51175,35728,10
2904,51177,67469,10
2905,51179,87407,10
2906,51181,49896,10
2907,51183,31304,10
2908,51185,17212,10
2909,51187,37461,10
2910,51191,23285,10
2911,51193,52648,10
2912,51195,24366,10
2913,51197,48793,10
2914,51199,59311,10
2915,51510,51869,10
2916,51515,25339,10
2917,51520,14609,10
2918,51530,19930,10
2919,51540,30825,10
2920,51550,52362,10
2921,51570,41633,10
2922,51580,27647,10
2923,51590,23731,10
2924,51595,27908,10
2925,51600,86833,10
2926,51610,59280,10
2927,51620,22669,10
2928,51630,38906,10
2929,51640,19875,10
2930,51650,42498,10
2931,51660,30026,10
2932,51670,32231,10
2933,51678,20972,10
2934,51680,26222,10
2935,51683,71229,10
2936,51685,53281,10
2937,51690,23209,10
2938,51700,37522,10
2939,51710,31554,10
2940,51720,62639,10
2941,51730,34214,10
2942,51735,-,10
2943,51740,36419,10
2944,51750,35353,10
2945,51760,28621,10
2946,51770,28594,10
2947,51775,29975,10
2948,51790,24063,10
2949,51800,46994,10
2950,51810,49668,10
2951,51820,30561,10
2952,51830,32219,10
2953,51840,33882,10
2954,53001,14750,10
2955,53003,-,10
2956,53005,44962,10
2957,53007,71667,10
2958,53009,28676,10
2959,53011,40700,10
2960,53013,-,10
2961,53015,19728,10
2962,53017,35197,10
2963,53019,-,10
2964,53021,31403,10
2965,53023,-,10
2966,53025,30450,10
2967,53027,29538,10
2968,53029,51867,10
2969,53031,52159,10
2970,53033,38512,10
2971,53035,38585,10
2972,53037,160673,10
2973,53039,-,10
2974,53041,44453,10
2975,53043,"2,500-",10
2976,53045,69576,10
2977,53047,-,10
2978,53049,72931,10
2979,53051,-,10
2980,53053,42596,10
2981,53055,9514,10
2982,53057,75104,10
2983,53059,-,10
2984,53061,44704,10
2985,53063,25013,10
2986,53065,35438,10
2987,53067,66480,10
2988,53069,-,10
2989,53071,75962,10
2990,53073,40625,10
2991,53075,16593,10
2992,53077,30489,10
2993,54001,31875,10
2994,54003,38066,10
2995,54005,67150,10
2996,54007,75000,10
2997,54009,36417,10
2998,54011,22917,10
2999,54013,-,10
3000,54015,-,10
3001,54017,-,10
3002,54019,18576,10
3003,54021,8333,10
3004,54023,9688,10
3005,54025,23000,10
3006,54027,-,10
3007,54029,48654,10
3008,54031,24583,10
3009,54033,33512,10
3010,54035,-,10
3011,54037,47888,10
3012,54039,25760,10
3013,54041,-,10
3014,54043,-,10
3015,54045,17404,10
3016,54047,21831,10
3017,54049,28094,10
3018,54051,-,10
3019,54053,51941,10
3020,54055,16731,10
3021,54057,21272,10
3022,54059,25556,10
3023,54061,22962,10
3024,54063,38304,10
3025,54065,13977,10
3026,54067,-,10
3027,54069,18618,10
3028,54071,19825,10
3029,54073,-,10
3030,54075,-,10
3031,54077,78177,10
3032,54079,50898,10
3033,54081,21179,10
3034,54083,22625,10
3035,54085,-,10
3036,54087,-,10
3037,54089,70278,10
3038,54091,18995,10
3039,54093,-,10
3040,54095,15833,10
3041,54097,17361,10
3042,54099,-,10
3043,54101,-,10
3044,54103,-,10
3045,54105,-,10
3046,54107,18792,10
3047,54109,70104,10
3048,55001,27188,10
3049,55003,-,10
3050,55005,32833,10
3051,55007,-,10
3052,55009,19710,10
3053,55011,-,10
3054,55013,16250,10
3055,55015,9028,10
3056,55017,77760,10
3057,55019,49063,10
3058,55021,35441,10
3059,55023,80208,10
3060,55025,32231,10
3061,55027,26250,10
3062,55029,"2,500-",10
3063,55031,38854,10
3064,55033,36429,10
3065,55035,19070,10
3066,55037,-,10
3067,55039,39877,10
3068,55041,-,10
3069,55043,18889,10
3070,55045,64107,10
3071,55047,13750,10
3072,55049,17125,10
3073,55051,-,10
3074,55053,31689,10
3075,55055,29700,10
3076,55057,61250,10
3077,55059,29902,10
3078,55061,"2,500-",10
3079,55063,38365,10
3080,55065,14115,10
3081,55067,57868,10
3082,55069,27019,10
3083,55071,22449,10
3084,55073,61571,10
3085,55075,125865,10
3086,55077,-,10
3087,55078,-,10
3088,55079,27364,10
3089,55081,55714,10
3090,55083,38065,10
3091,55085,-,10
3092,55087,26806,10
3093,55089,75417,10
3094,55091,-,10
3095,55093,8835,10
3096,55095,39583,10
3097,55097,86210,10
3098,55099,21406,10
3099,55101,26608,10
3100,55103,-,10
3101,55105,23904,10
3102,55107,98500,10
3103,55109,39727,10
3104,55111,45893,10
3105,55113,-,10
3106,55115,-,10
3107,55117,17303,10
3108,55119,-,10
3109,55121,30667,10
3110,55123,5375,10
3111,55125,36250,10
3112,55127,32593,10
3113,55129,27188,10
3114,55131,31964,10
3115,55133,59268,10
3116,55135,81029,10
3117,55137,19375,10
3118,55139,28092,10
3119,55141,55132,10
3120,56001,22404,10
3121,56003,-,10
3122,56005,22292,10
3123,56007,23583,10
3124,56009,-,10
3125,56011,-,10
3126,56013,16563,10
3127,56015,-,10
3128,56017,-,10
3129,56019,-,10
3130,56021,34882,10
3131,56023,-,10
3132,56025,48917,10
3133,56027,-,10
3134,56029,-,10
3135,56031,-,10
3136,56033,-,10
3137,56035,-,10
3138,56037,36875,10
3139,56039,-,10
3140,56041,-,10
3141,56043,-,10
3142,56045,-,10
