,id,mean_income,year
0,01001,64765,15
1,01003,68169,15
2,01005,44688,15
3,01007,52241,15
4,01009,54884,15
5,01011,41947,15
6,01013,43972,15
7,01015,53457,15
8,01017,49456,15
9,01019,50591,15
10,01021,55546,15
11,01023,47721,15
12,01025,48153,15
13,01027,44846,15
14,01029,50244,15
15,01031,62808,15
16,01033,53233,15
17,01035,38051,15
18,01037,41365,15
19,01039,50925,15
20,01041,50203,15
21,01043,51783,15
22,01045,55568,15
23,01047,43626,15
24,01049,48656,15
25,01051,66592,15
26,01053,44903,15
27,01055,51264,15
28,01057,46340,15
29,01059,47562,15
30,01061,49044,15
31,01063,33110,15
32,01065,46127,15
33,01067,54837,15
34,01069,59545,15
35,01071,48877,15
36,01073,66801,15
37,01075,47505,15
38,01077,56821,15
39,01079,52205,15
40,01081,61914,15
41,01083,67715,15
42,01085,45423,15
43,01087,41830,15
44,01089,79044,15
45,01091,50336,15
46,01093,47656,15
47,01095,55974,15
48,01097,58783,15
49,01099,39437,15
50,01101,62201,15
51,01103,60761,15
52,01105,38795,15
53,01107,42939,15
54,01109,48558,15
55,01111,46845,15
56,01113,49746,15
57,01115,62766,15
58,01117,87820,15
59,01119,31841,15
60,01121,48642,15
61,01123,51602,15
62,01125,62431,15
63,01127,49856,15
64,01129,51777,15
65,01131,36925,15
66,01133,45018,15
67,02013,71231,15
68,02016,94923,15
69,02020,99630,15
70,02050,65709,15
71,02060,87875,15
72,02068,89038,15
73,02070,69872,15
74,02090,86453,15
75,02100,76126,15
76,02105,67142,15
77,02110,102355,15
78,02122,78118,15
79,02130,80178,15
80,02150,82983,15
81,02158,48392,15
82,02164,63274,15
83,02170,85204,15
84,02180,64816,15
85,02185,88398,15
86,02188,78387,15
87,02195,83344,15
88,02198,63684,15
89,02220,82614,15
90,02230,81486,15
91,02240,72110,15
92,02261,88839,15
93,02275,62771,15
94,02282,73067,15
95,02290,52496,15
96,04001,41523,15
97,04003,59305,15
98,04005,68735,15
99,04007,49868,15
100,04009,55869,15
101,04011,61585,15
102,04012,43636,15
103,04013,74347,15
104,04015,50762,15
105,04017,48549,15
106,04019,63944,15
107,04021,60169,15
108,04023,52983,15
109,04025,58003,15
110,04027,54022,15
111,05001,52891,15
112,05003,49387,15
113,05005,49367,15
114,05007,76269,15
115,05009,52545,15
116,05011,48207,15
117,05013,48201,15
118,05015,48204,15
119,05017,46711,15
120,05019,49312,15
121,05021,43625,15
122,05023,58972,15
123,05025,55059,15
124,05027,50019,15
125,05029,53564,15
126,05031,59163,15
127,05033,53944,15
128,05035,51571,15
129,05037,48635,15
130,05039,44244,15
131,05041,41200,15
132,05043,43927,15
133,05045,65086,15
134,05047,49443,15
135,05049,45069,15
136,05051,56414,15
137,05053,60657,15
138,05055,52017,15
139,05057,44026,15
140,05059,50448,15
141,05061,53760,15
142,05063,50920,15
143,05065,44578,15
144,05067,46279,15
145,05069,50679,15
146,05071,49054,15
147,05073,48719,15
148,05075,42338,15
149,05077,38639,15
150,05079,50527,15
151,05081,47093,15
152,05083,49390,15
153,05085,63093,15
154,05087,51035,15
155,05089,41541,15
156,05091,51692,15
157,05093,48548,15
158,05095,39360,15
159,05097,45810,15
160,05099,42132,15
161,05101,43432,15
162,05103,44812,15
163,05105,56268,15
164,05107,42248,15
165,05109,47231,15
166,05111,42598,15
167,05113,46708,15
168,05115,52748,15
169,05117,43050,15
170,05119,66590,15
171,05121,44878,15
172,05123,41777,15
173,05125,67036,15
174,05127,45296,15
175,05129,43678,15
176,05131,57579,15
177,05133,46398,15
178,05135,39494,15
179,05137,43768,15
180,05139,53430,15
181,05141,43984,15
182,05143,64299,15
183,05145,58530,15
184,05147,41140,15
185,05149,48593,15
186,06001,101953,15
187,06003,62959,15
188,06005,70997,15
189,06007,60800,15
190,06009,72202,15
191,06011,65310,15
192,06013,109573,15
193,06015,54641,15
194,06017,93356,15
195,06019,63314,15
196,06021,59845,15
197,06023,56440,15
198,06025,56603,15
199,06027,61925,15
200,06029,65917,15
201,06031,63232,15
202,06033,50453,15
203,06035,63361,15
204,06037,82941,15
205,06039,59598,15
206,06041,146444,15
207,06043,65619,15
208,06045,59563,15
209,06047,58398,15
210,06049,48845,15
211,06051,70947,15
212,06053,81128,15
213,06055,99859,15
214,06057,76041,15
215,06059,103752,15
216,06061,94595,15
217,06063,66613,15
218,06065,74222,15
219,06067,74159,15
220,06069,87412,15
221,06071,69064,15
222,06073,87081,15
223,06075,119406,15
224,06077,70520,15
225,06079,80404,15
226,06081,135131,15
227,06083,89903,15
228,06085,128243,15
229,06087,91983,15
230,06089,59740,15
231,06091,65938,15
232,06093,50890,15
233,06095,83446,15
234,06097,87597,15
235,06099,65947,15
236,06101,69238,15
237,06103,55221,15
238,06105,52129,15
239,06107,58678,15
240,06109,64828,15
241,06111,100843,15
242,06113,78450,15
243,06115,58447,15
244,08001,72120,15
245,08003,50743,15
246,08005,87869,15
247,08007,65299,15
248,08009,48142,15
249,08011,49543,15
250,08013,96998,15
251,08014,102402,15
252,08015,63204,15
253,08017,59943,15
254,08019,92927,15
255,08021,50251,15
256,08023,46669,15
257,08025,41441,15
258,08027,47921,15
259,08029,60252,15
260,08031,79959,15
261,08033,48750,15
262,08035,125928,15
263,08037,102559,15
264,08039,104099,15
265,08041,76967,15
266,08043,51917,15
267,08045,73579,15
268,08047,79393,15
269,08049,76023,15
270,08051,61040,15
271,08053,70832,15
272,08055,49320,15
273,08057,56305,15
274,08059,89899,15
275,08061,54539,15
276,08063,57553,15
277,08065,56194,15
278,08067,75392,15
279,08069,78071,15
280,08071,54858,15
281,08073,54961,15
282,08075,58258,15
283,08077,65223,15
284,08079,61187,15
285,08081,61765,15
286,08083,55689,15
287,08085,55384,15
288,08087,59584,15
289,08089,46350,15
290,08091,74267,15
291,08093,68191,15
292,08095,62215,15
293,08097,120810,15
294,08099,51082,15
295,08101,55105,15
296,08103,70079,15
297,08105,54516,15
298,08107,85140,15
299,08109,51179,15
300,08111,45977,15
301,08113,88650,15
302,08115,52821,15
303,08117,87353,15
304,08119,76717,15
305,08121,59333,15
306,08123,74779,15
307,08125,56757,15
308,09001,137183,15
309,09003,89684,15
310,09005,94144,15
311,09007,101108,15
312,09009,83229,15
313,09011,84880,15
314,09013,96661,15
315,09015,71875,15
316,10001,67538,15
317,10003,86526,15
318,10005,69912,15
319,11001,107594,15
320,12001,64156,15
321,12003,63045,15
322,12005,62232,15
323,12007,54327,15
324,12009,65150,15
325,12011,73358,15
326,12013,48006,15
327,12015,59087,15
328,12017,52860,15
329,12019,72639,15
330,12021,95419,15
331,12023,54521,15
332,12027,45604,15
333,12029,45403,15
334,12031,66270,15
335,12033,59988,15
336,12035,61487,15
337,12037,54196,15
338,12039,47183,15
339,12041,56169,15
340,12043,45321,15
341,12045,53708,15
342,12047,46775,15
343,12049,51882,15
344,12051,53185,15
345,12053,51427,15
346,12055,48516,15
347,12057,71190,15
348,12059,44264,15
349,12061,74534,15
350,12063,46713,15
351,12065,56749,15
352,12067,57705,15
353,12069,60590,15
354,12071,68651,15
355,12073,65839,15
356,12075,47901,15
357,12077,53027,15
358,12079,44069,15
359,12081,67786,15
360,12083,51968,15
361,12085,81104,15
362,12086,67497,15
363,12087,85148,15
364,12089,73997,15
365,12091,71445,15
366,12093,47483,15
367,12095,68045,15
368,12097,56647,15
369,12099,82436,15
370,12101,59938,15
371,12103,66039,15
372,12105,56425,15
373,12107,43956,15
374,12109,96113,15
375,12111,59196,15
376,12113,75173,15
377,12115,74755,15
378,12117,77572,15
379,12119,64660,15
380,12121,47668,15
381,12123,46748,15
382,12125,46970,15
383,12127,56644,15
384,12129,58688,15
385,12131,67144,15
386,12133,49235,15
387,13001,49556,15
388,13003,44376,15
389,13005,48395,15
390,13007,51265,15
391,13009,49643,15
392,13011,50544,15
393,13013,62471,15
394,13015,61927,15
395,13017,38561,15
396,13019,42132,15
397,13021,55739,15
398,13023,54608,15
399,13025,46587,15
400,13027,46182,15
401,13029,75583,15
402,13031,51602,15
403,13033,46749,15
404,13035,55677,15
405,13037,50372,15
406,13039,63671,15
407,13043,46006,15
408,13045,58198,15
409,13047,59361,15
410,13049,51543,15
411,13051,64795,15
412,13053,52465,15
413,13055,43093,15
414,13057,85254,15
415,13059,49824,15
416,13061,31404,15
417,13063,50593,15
418,13065,41785,15
419,13067,89047,15
420,13069,49134,15
421,13071,47528,15
422,13073,87673,15
423,13075,50202,15
424,13077,76019,15
425,13079,52339,15
426,13081,49841,15
427,13083,57094,15
428,13085,77905,15
429,13087,45969,15
430,13089,75140,15
431,13091,46245,15
432,13093,38795,15
433,13095,47802,15
434,13097,65201,15
435,13099,44899,15
436,13101,45475,15
437,13103,71916,15
438,13105,48526,15
439,13107,45622,15
440,13109,51807,15
441,13111,48234,15
442,13113,100357,15
443,13115,56222,15
444,13117,107877,15
445,13119,45197,15
446,13121,93815,15
447,13123,53803,15
448,13125,49950,15
449,13127,65332,15
450,13129,54028,15
451,13131,44611,15
452,13133,67299,15
453,13135,77206,15
454,13137,52907,15
455,13139,69865,15
456,13141,34424,15
457,13143,54780,15
458,13145,82018,15
459,13147,51638,15
460,13149,50089,15
461,13151,72001,15
462,13153,64807,15
463,13155,46150,15
464,13157,66651,15
465,13159,54490,15
466,13161,48520,15
467,13163,40068,15
468,13165,42339,15
469,13167,43555,15
470,13169,68273,15
471,13171,52160,15
472,13173,43679,15
473,13175,49379,15
474,13177,80383,15
475,13179,52664,15
476,13181,49672,15
477,13183,53523,15
478,13185,51897,15
479,13187,56568,15
480,13189,49286,15
481,13191,58714,15
482,13193,36358,15
483,13195,54818,15
484,13197,49190,15
485,13199,47230,15
486,13201,44794,15
487,13205,41513,15
488,13207,67354,15
489,13209,46778,15
490,13211,67053,15
491,13213,45859,15
492,13215,59910,15
493,13217,61526,15
494,13219,94225,15
495,13221,55176,15
496,13223,72168,15
497,13225,55737,15
498,13227,71334,15
499,13229,56454,15
500,13231,66482,15
501,13233,54342,15
502,13235,49562,15
503,13237,64559,15
504,13239,37526,15
505,13241,52407,15
506,13243,54234,15
507,13245,52186,15
508,13247,62883,15
509,13249,52762,15
510,13251,47439,15
511,13253,49638,15
512,13255,52071,15
513,13257,53613,15
514,13259,32734,15
515,13261,45546,15
516,13263,45832,15
517,13265,33489,15
518,13267,47757,15
519,13269,41217,15
520,13271,36145,15
521,13273,42258,15
522,13275,50868,15
523,13277,53941,15
524,13279,49605,15
525,13281,48722,15
526,13283,51515,15
527,13285,57897,15
528,13287,48223,15
529,13289,44796,15
530,13291,52377,15
531,13293,48286,15
532,13295,54753,15
533,13297,67183,15
534,13299,47069,15
535,13301,42429,15
536,13303,50280,15
537,13305,51465,15
538,13307,45503,15
539,13309,36236,15
540,13311,53276,15
541,13313,58123,15
542,13315,42292,15
543,13317,43366,15
544,13319,46938,15
545,13321,47614,15
546,15001,66627,15
547,15003,92649,15
548,15005,68659,15
549,15007,79608,15
550,15009,84963,15
551,16001,74604,15
552,16003,51611,15
553,16005,57554,15
554,16007,58101,15
555,16009,49743,15
556,16011,60493,15
557,16013,79312,15
558,16015,59680,15
559,16017,56153,15
560,16019,68688,15
561,16021,52120,15
562,16023,55405,15
563,16025,56611,15
564,16027,51908,15
565,16029,66121,15
566,16031,54783,15
567,16033,43290,15
568,16035,48580,15
569,16037,52613,15
570,16039,56047,15
571,16041,57413,15
572,16043,58348,15
573,16045,49285,15
574,16047,54943,15
575,16049,45844,15
576,16051,63325,15
577,16053,51663,15
578,16055,64821,15
579,16057,56625,15
580,16059,46310,15
581,16061,47924,15
582,16063,52644,15
583,16065,49484,15
584,16067,56879,15
585,16069,60005,15
586,16071,50644,15
587,16073,46604,15
588,16075,56189,15
589,16077,54352,15
590,16079,47233,15
591,16081,62715,15
592,16083,57805,15
593,16085,56540,15
594,16087,45205,15
595,17001,58309,15
596,17003,36313,15
597,17005,59610,15
598,17007,74593,15
599,17009,62535,15
600,17011,64687,15
601,17013,63517,15
602,17015,59997,15
603,17017,60465,15
604,17019,64721,15
605,17021,56793,15
606,17023,62433,15
607,17025,54328,15
608,17027,75920,15
609,17029,56542,15
610,17031,80367,15
611,17033,65913,15
612,17035,55251,15
613,17037,64758,15
614,17039,69005,15
615,17041,64587,15
616,17043,106298,15
617,17045,58673,15
618,17047,53571,15
619,17049,67060,15
620,17051,57226,15
621,17053,62472,15
622,17055,50850,15
623,17057,55580,15
624,17059,49466,15
625,17061,53282,15
626,17063,79127,15
627,17065,57307,15
628,17067,58383,15
629,17069,50562,15
630,17071,60383,15
631,17073,66694,15
632,17075,61887,15
633,17077,51256,15
634,17079,62970,15
635,17081,57328,15
636,17083,64184,15
637,17085,68095,15
638,17087,55291,15
639,17089,91851,15
640,17091,64596,15
641,17093,94860,15
642,17095,52443,15
643,17097,111565,15
644,17099,63506,15
645,17101,51592,15
646,17103,64225,15
647,17105,66524,15
648,17107,61400,15
649,17109,54187,15
650,17111,93222,15
651,17113,80811,15
652,17115,63909,15
653,17117,63112,15
654,17119,69018,15
655,17121,54419,15
656,17123,65523,15
657,17125,54964,15
658,17127,54738,15
659,17129,74238,15
660,17131,64176,15
661,17133,85580,15
662,17135,61826,15
663,17137,61027,15
664,17139,62489,15
665,17141,68343,15
666,17143,68802,15
667,17145,56407,15
668,17147,80319,15
669,17149,51468,15
670,17151,52276,15
671,17153,44467,15
672,17155,70302,15
673,17157,60484,15
674,17159,55925,15
675,17161,62667,15
676,17163,66983,15
677,17165,51054,15
678,17167,73299,15
679,17169,59448,15
680,17171,59637,15
681,17173,56835,15
682,17175,63928,15
683,17177,56880,15
684,17179,73271,15
685,17181,57104,15
686,17183,55085,15
687,17185,56963,15
688,17187,57793,15
689,17189,68283,15
690,17191,55681,15
691,17193,59300,15
692,17195,60978,15
693,17197,92710,15
694,17199,59855,15
695,17201,62692,15
696,17203,81835,15
697,18001,59945,15
698,18003,65242,15
699,18005,70436,15
700,18007,56340,15
701,18009,49823,15
702,18011,99903,15
703,18013,71576,15
704,18015,63625,15
705,18017,56158,15
706,18019,63576,15
707,18021,55756,15
708,18023,60059,15
709,18025,45025,15
710,18027,58530,15
711,18029,72997,15
712,18031,59270,15
713,18033,61061,15
714,18035,52753,15
715,18037,66090,15
716,18039,60012,15
717,18041,49833,15
718,18043,70535,15
719,18045,59882,15
720,18047,62440,15
721,18049,56637,15
722,18051,62329,15
723,18053,51033,15
724,18055,56116,15
725,18057,112303,15
726,18059,76069,15
727,18061,62415,15
728,18063,82970,15
729,18065,54900,15
730,18067,57668,15
731,18069,56494,15
732,18071,56815,15
733,18073,65639,15
734,18075,50151,15
735,18077,55715,15
736,18079,55169,15
737,18081,77209,15
738,18083,54490,15
739,18085,67723,15
740,18087,64416,15
741,18089,64295,15
742,18091,61219,15
743,18093,56625,15
744,18095,54942,15
745,18097,59189,15
746,18099,60698,15
747,18101,54615,15
748,18103,56544,15
749,18105,61024,15
750,18107,58142,15
751,18109,69237,15
752,18111,58288,15
753,18113,60892,15
754,18115,57205,15
755,18117,49103,15
756,18119,53843,15
757,18121,55417,15
758,18123,55290,15
759,18125,57259,15
760,18127,77992,15
761,18129,74137,15
762,18131,55756,15
763,18133,66332,15
764,18135,55472,15
765,18137,61141,15
766,18139,56216,15
767,18141,61989,15
768,18143,54136,15
769,18145,61949,15
770,18147,63698,15
771,18149,53112,15
772,18151,61255,15
773,18153,53256,15
774,18155,49118,15
775,18157,61100,15
776,18159,62821,15
777,18161,51750,15
778,18163,59115,15
779,18165,51679,15
780,18167,55099,15
781,18169,55555,15
782,18171,69264,15
783,18173,79791,15
784,18175,52238,15
785,18177,53687,15
786,18179,60624,15
787,18181,62819,15
788,18183,66014,15
789,19001,58963,15
790,19003,59548,15
791,19005,61409,15
792,19007,53427,15
793,19009,66054,15
794,19011,75245,15
795,19013,61797,15
796,19015,64229,15
797,19017,77465,15
798,19019,73598,15
799,19021,64512,15
800,19023,64031,15
801,19025,60456,15
802,19027,63449,15
803,19029,56603,15
804,19031,66955,15
805,19033,62272,15
806,19035,61904,15
807,19037,62024,15
808,19039,54049,15
809,19041,62547,15
810,19043,60444,15
811,19045,64144,15
812,19047,60740,15
813,19049,99652,15
814,19051,64115,15
815,19053,49436,15
816,19055,67995,15
817,19057,57771,15
818,19059,74454,15
819,19061,67186,15
820,19063,65804,15
821,19065,57810,15
822,19067,59180,15
823,19069,61024,15
824,19071,69531,15
825,19073,62314,15
826,19075,73226,15
827,19077,67706,15
828,19079,61612,15
829,19081,63545,15
830,19083,63136,15
831,19085,63838,15
832,19087,60327,15
833,19089,61651,15
834,19091,63705,15
835,19093,64418,15
836,19095,70599,15
837,19097,59517,15
838,19099,65658,15
839,19101,60151,15
840,19103,77010,15
841,19105,68356,15
842,19107,54072,15
843,19109,65397,15
844,19111,53513,15
845,19113,74793,15
846,19115,65550,15
847,19117,55491,15
848,19119,69748,15
849,19121,73259,15
850,19123,61427,15
851,19125,65893,15
852,19127,63537,15
853,19129,75124,15
854,19131,62363,15
855,19133,54937,15
856,19135,60609,15
857,19137,53083,15
858,19139,65333,15
859,19141,70596,15
860,19143,59535,15
861,19145,56810,15
862,19147,60222,15
863,19149,68939,15
864,19151,58392,15
865,19153,78164,15
866,19155,66768,15
867,19157,64118,15
868,19159,64398,15
869,19161,61177,15
870,19163,71968,15
871,19165,64231,15
872,19167,74228,15
873,19169,64861,15
874,19171,66434,15
875,19173,54440,15
876,19175,55888,15
877,19177,57420,15
878,19179,54822,15
879,19181,76998,15
880,19183,67458,15
881,19185,55655,15
882,19187,56582,15
883,19189,58273,15
884,19191,65124,15
885,19193,60805,15
886,19195,56950,15
887,19197,60786,15
888,20001,49265,15
889,20003,50761,15
890,20005,55246,15
891,20007,65805,15
892,20009,58223,15
893,20011,51199,15
894,20013,53299,15
895,20015,74192,15
896,20017,53550,15
897,20019,53120,15
898,20021,50886,15
899,20023,54941,15
900,20025,56756,15
901,20027,67013,15
902,20029,49746,15
903,20031,69310,15
904,20033,55472,15
905,20035,56991,15
906,20037,50201,15
907,20039,59421,15
908,20041,59878,15
909,20043,59866,15
910,20045,69129,15
911,20047,61363,15
912,20049,45632,15
913,20051,62029,15
914,20053,59335,15
915,20055,64659,15
916,20057,61451,15
917,20059,63209,15
918,20061,57586,15
919,20063,58914,15
920,20065,58796,15
921,20067,73238,15
922,20069,71799,15
923,20071,63503,15
924,20073,52607,15
925,20075,57210,15
926,20077,58415,15
927,20079,61691,15
928,20081,70265,15
929,20083,73669,15
930,20085,63210,15
931,20087,65317,15
932,20089,49202,15
933,20091,102246,15
934,20093,67081,15
935,20095,62177,15
936,20097,56777,15
937,20099,51659,15
938,20101,65181,15
939,20103,75052,15
940,20105,57724,15
941,20107,60744,15
942,20109,64363,15
943,20111,51927,15
944,20113,69689,15
945,20115,57945,15
946,20117,60830,15
947,20119,60051,15
948,20121,75236,15
949,20123,63422,15
950,20125,50834,15
951,20127,55681,15
952,20129,55040,15
953,20131,62353,15
954,20133,54417,15
955,20135,66223,15
956,20137,58810,15
957,20139,59084,15
958,20141,56899,15
959,20143,63301,15
960,20145,59799,15
961,20147,57007,15
962,20149,70728,15
963,20151,66367,15
964,20153,57563,15
965,20155,58235,15
966,20157,52070,15
967,20159,60680,15
968,20161,62147,15
969,20163,55366,15
970,20165,52707,15
971,20167,55635,15
972,20169,62084,15
973,20171,68099,15
974,20173,66238,15
975,20175,60883,15
976,20177,65618,15
977,20179,64214,15
978,20181,46883,15
979,20183,60173,15
980,20185,60484,15
981,20187,58377,15
982,20189,68329,15
983,20191,61207,15
984,20193,64708,15
985,20195,64185,15
986,20197,60473,15
987,20199,70594,15
988,20201,54267,15
989,20203,63407,15
990,20205,53836,15
991,20207,45914,15
992,20209,49574,15
993,21001,45573,15
994,21003,52779,15
995,21005,61426,15
996,21007,58182,15
997,21009,49555,15
998,21011,48853,15
999,21013,32781,15
1000,21015,81500,15
1001,21017,58199,15
1002,21019,63743,15
1003,21021,56462,15
1004,21023,51316,15
1005,21025,38128,15
1006,21027,51480,15
1007,21029,64311,15
1008,21031,43381,15
1009,21033,50042,15
1010,21035,50310,15
1011,21037,70780,15
1012,21039,51628,15
1013,21041,52573,15
1014,21043,47504,15
1015,21045,43192,15
1016,21047,51094,15
1017,21049,63223,15
1018,21051,34745,15
1019,21053,41050,15
1020,21055,51442,15
1021,21057,41349,15
1022,21059,59825,15
1023,21061,51718,15
1024,21063,39390,15
1025,21065,40072,15
1026,21067,71834,15
1027,21069,53780,15
1028,21071,44358,15
1029,21073,61784,15
1030,21075,42169,15
1031,21077,57639,15
1032,21079,56964,15
1033,21081,55470,15
1034,21083,52088,15
1035,21085,49746,15
1036,21087,46972,15
1037,21089,59689,15
1038,21091,58391,15
1039,21093,63293,15
1040,21095,38365,15
1041,21097,50510,15
1042,21099,47635,15
1043,21101,54572,15
1044,21103,55608,15
1045,21105,44888,15
1046,21107,54317,15
1047,21109,39956,15
1048,21111,68917,15
1049,21113,70610,15
1050,21115,46867,15
1051,21117,70236,15
1052,21119,44522,15
1053,21121,37892,15
1054,21123,51808,15
1055,21125,47558,15
1056,21127,47784,15
1057,21129,33515,15
1058,21131,38612,15
1059,21133,41430,15
1060,21135,41755,15
1061,21137,46848,15
1062,21139,55685,15
1063,21141,46969,15
1064,21143,59889,15
1065,21145,65923,15
1066,21147,29120,15
1067,21149,52565,15
1068,21151,56542,15
1069,21153,39483,15
1070,21155,50033,15
1071,21157,56956,15
1072,21159,37649,15
1073,21161,60229,15
1074,21163,62364,15
1075,21165,41120,15
1076,21167,54503,15
1077,21169,43366,15
1078,21171,42684,15
1079,21173,52272,15
1080,21175,43026,15
1081,21177,49900,15
1082,21179,64462,15
1083,21181,48510,15
1084,21183,50071,15
1085,21185,106471,15
1086,21187,58204,15
1087,21189,36423,15
1088,21191,61331,15
1089,21193,46924,15
1090,21195,47925,15
1091,21197,43275,15
1092,21199,48807,15
1093,21201,43717,15
1094,21203,42287,15
1095,21205,47300,15
1096,21207,40653,15
1097,21209,75187,15
1098,21211,75209,15
1099,21213,49851,15
1100,21215,73839,15
1101,21217,43902,15
1102,21219,49725,15
1103,21221,61187,15
1104,21223,56460,15
1105,21225,51971,15
1106,21227,61447,15
1107,21229,49984,15
1108,21231,37361,15
1109,21233,51036,15
1110,21235,44278,15
1111,21237,32719,15
1112,21239,76590,15
1113,22001,53782,15
1114,22003,55589,15
1115,22005,81041,15
1116,22007,62597,15
1117,22009,50249,15
1118,22011,61168,15
1119,22013,47101,15
1120,22015,69190,15
1121,22017,61687,15
1122,22019,63112,15
1123,22021,52534,15
1124,22023,77053,15
1125,22025,57215,15
1126,22027,46870,15
1127,22029,44862,15
1128,22031,56651,15
1129,22033,70369,15
1130,22035,32464,15
1131,22037,58723,15
1132,22039,48539,15
1133,22041,45837,15
1134,22043,51298,15
1135,22045,65492,15
1136,22047,60300,15
1137,22049,49064,15
1138,22051,66801,15
1139,22053,56472,15
1140,22055,75464,15
1141,22057,66611,15
1142,22059,55334,15
1143,22061,54888,15
1144,22063,70702,15
1145,22065,37675,15
1146,22067,44580,15
1147,22069,51312,15
1148,22071,63703,15
1149,22073,56632,15
1150,22075,65046,15
1151,22077,62429,15
1152,22079,56228,15
1153,22081,57529,15
1154,22083,52347,15
1155,22085,56035,15
1156,22087,54813,15
1157,22089,75167,15
1158,22091,48057,15
1159,22093,64422,15
1160,22095,63131,15
1161,22097,49582,15
1162,22099,60643,15
1163,22101,54690,15
1164,22103,82911,15
1165,22105,57020,15
1166,22107,38617,15
1167,22109,63627,15
1168,22111,48927,15
1169,22113,60930,15
1170,22115,57215,15
1171,22117,46045,15
1172,22119,48557,15
1173,22121,69658,15
1174,22123,51187,15
1175,22125,73598,15
1176,22127,48062,15
1177,23001,59468,15
1178,23003,48918,15
1179,23005,81253,15
1180,23007,55643,15
1181,23009,62576,15
1182,23011,60374,15
1183,23013,63706,15
1184,23015,65684,15
1185,23017,51999,15
1186,23019,57854,15
1187,23021,50871,15
1188,23023,68562,15
1189,23025,50615,15
1190,23027,56246,15
1191,23029,49337,15
1192,23031,73554,15
1193,24001,54511,15
1194,24003,111210,15
1195,24005,89111,15
1196,24009,109746,15
1197,24011,65510,15
1198,24013,101314,15
1199,24015,79189,15
1200,24017,103512,15
1201,24019,65761,15
1202,24021,100589,15
1203,24023,61081,15
1204,24025,95283,15
1205,24027,132751,15
1206,24029,73881,15
1207,24031,133543,15
1208,24033,90268,15
1209,24035,103883,15
1210,24037,100383,15
1211,24039,49530,15
1212,24041,87649,15
1213,24043,70993,15
1214,24045,69010,15
1215,24047,76244,15
1216,24510,61731,15
1217,25001,83609,15
1218,25003,69405,15
1219,25005,74815,15
1220,25007,94911,15
1221,25009,93696,15
1222,25011,70107,15
1223,25013,67900,15
1224,25015,80124,15
1225,25017,114411,15
1226,25019,112938,15
1227,25021,119234,15
1228,25023,97204,15
1229,25025,82933,15
1230,25027,84474,15
1231,26001,49611,15
1232,26003,52898,15
1233,26005,66607,15
1234,26007,49664,15
1235,26009,64434,15
1236,26011,49496,15
1237,26013,50489,15
1238,26015,66094,15
1239,26017,58140,15
1240,26019,58602,15
1241,26021,62308,15
1242,26023,56058,15
1243,26025,57140,15
1244,26027,60615,15
1245,26029,65992,15
1246,26031,53191,15
1247,26033,52832,15
1248,26035,43907,15
1249,26037,76785,15
1250,26039,51769,15
1251,26041,52475,15
1252,26043,57615,15
1253,26045,66840,15
1254,26047,73098,15
1255,26049,56528,15
1256,26051,49071,15
1257,26053,47239,15
1258,26055,69629,15
1259,26057,53966,15
1260,26059,53715,15
1261,26061,51004,15
1262,26063,53381,15
1263,26065,63245,15
1264,26067,58159,15
1265,26069,51036,15
1266,26071,44787,15
1267,26073,55442,15
1268,26075,59409,15
1269,26077,65805,15
1270,26079,50479,15
1271,26081,70755,15
1272,26083,49466,15
1273,26085,38826,15
1274,26087,64869,15
1275,26089,80374,15
1276,26091,58847,15
1277,26093,88741,15
1278,26095,47497,15
1279,26097,50520,15
1280,26099,68599,15
1281,26101,53824,15
1282,26103,58174,15
1283,26105,55872,15
1284,26107,53293,15
1285,26109,50162,15
1286,26111,74352,15
1287,26113,50991,15
1288,26115,68281,15
1289,26117,51280,15
1290,26119,44935,15
1291,26121,54880,15
1292,26123,54443,15
1293,26125,92580,15
1294,26127,52312,15
1295,26129,46788,15
1296,26131,43480,15
1297,26133,48249,15
1298,26135,43119,15
1299,26137,62304,15
1300,26139,74006,15
1301,26141,50825,15
1302,26143,46310,15
1303,26145,56936,15
1304,26147,62857,15
1305,26149,54819,15
1306,26151,52511,15
1307,26153,46697,15
1308,26155,58921,15
1309,26157,54260,15
1310,26159,57627,15
1311,26161,84822,15
1312,26163,58406,15
1313,26165,52472,15
1314,27001,54183,15
1315,27003,84709,15
1316,27005,64145,15
1317,27007,58855,15
1318,27009,62710,15
1319,27011,60692,15
1320,27013,67016,15
1321,27015,65994,15
1322,27017,62330,15
1323,27019,111593,15
1324,27021,58785,15
1325,27023,62074,15
1326,27025,79535,15
1327,27027,67563,15
1328,27029,56984,15
1329,27031,66240,15
1330,27033,59565,15
1331,27035,65630,15
1332,27037,93456,15
1333,27039,79597,15
1334,27041,69973,15
1335,27043,60707,15
1336,27045,63310,15
1337,27047,61343,15
1338,27049,72699,15
1339,27051,64181,15
1340,27053,92879,15
1341,27055,64686,15
1342,27057,60472,15
1343,27059,71457,15
1344,27061,59312,15
1345,27063,63586,15
1346,27065,58900,15
1347,27067,67652,15
1348,27069,66008,15
1349,27071,55767,15
1350,27073,66353,15
1351,27075,62947,15
1352,27077,50963,15
1353,27079,72228,15
1354,27081,61566,15
1355,27083,69149,15
1356,27085,66944,15
1357,27087,52579,15
1358,27089,64437,15
1359,27091,64393,15
1360,27093,67960,15
1361,27095,58750,15
1362,27097,60773,15
1363,27099,64418,15
1364,27101,65703,15
1365,27103,71428,15
1366,27105,62926,15
1367,27107,60385,15
1368,27109,88857,15
1369,27111,65406,15
1370,27113,58891,15
1371,27115,55262,15
1372,27117,61654,15
1373,27119,65071,15
1374,27121,67895,15
1375,27123,75483,15
1376,27125,60195,15
1377,27127,61431,15
1378,27129,67554,15
1379,27131,74193,15
1380,27133,63285,15
1381,27135,65682,15
1382,27137,62795,15
1383,27139,103858,15
1384,27141,85890,15
1385,27143,67462,15
1386,27145,70115,15
1387,27147,70104,15
1388,27149,66134,15
1389,27151,60251,15
1390,27153,57802,15
1391,27155,64990,15
1392,27157,73251,15
1393,27159,52287,15
1394,27161,67492,15
1395,27163,103140,15
1396,27165,62738,15
1397,27167,61220,15
1398,27169,62483,15
1399,27171,84632,15
1400,27173,64554,15
1401,28001,45101,15
1402,28003,47831,15
1403,28005,42853,15
1404,28007,49923,15
1405,28009,50775,15
1406,28011,41320,15
1407,28013,42010,15
1408,28015,53213,15
1409,28017,44436,15
1410,28019,41459,15
1411,28021,33990,15
1412,28023,48675,15
1413,28025,46065,15
1414,28027,40208,15
1415,28029,48522,15
1416,28031,41739,15
1417,28033,70972,15
1418,28035,52068,15
1419,28037,55567,15
1420,28039,59546,15
1421,28041,50420,15
1422,28043,48426,15
1423,28045,54903,15
1424,28047,55093,15
1425,28049,53843,15
1426,28051,31828,15
1427,28053,36352,15
1428,28055,33407,15
1429,28057,50009,15
1430,28059,63303,15
1431,28061,44040,15
1432,28063,34069,15
1433,28065,35657,15
1434,28067,54053,15
1435,28069,37641,15
1436,28071,63830,15
1437,28073,68859,15
1438,28075,55126,15
1439,28077,48894,15
1440,28079,48144,15
1441,28081,57261,15
1442,28083,37647,15
1443,28085,49334,15
1444,28087,53058,15
1445,28089,90531,15
1446,28091,50653,15
1447,28093,50703,15
1448,28095,47989,15
1449,28097,42307,15
1450,28099,49797,15
1451,28101,53013,15
1452,28103,38390,15
1453,28105,52922,15
1454,28107,51165,15
1455,28109,50743,15
1456,28111,47107,15
1457,28113,45306,15
1458,28115,53431,15
1459,28117,44840,15
1460,28119,36357,15
1461,28121,73107,15
1462,28123,47092,15
1463,28125,42350,15
1464,28127,46424,15
1465,28129,54544,15
1466,28131,55554,15
1467,28133,42501,15
1468,28135,42547,15
1469,28137,59983,15
1470,28139,50770,15
1471,28141,46506,15
1472,28143,43598,15
1473,28145,49811,15
1474,28147,45730,15
1475,28149,55951,15
1476,28151,44255,15
1477,28153,52172,15
1478,28155,48007,15
1479,28157,41067,15
1480,28159,46755,15
1481,28161,46534,15
1482,28163,41110,15
1483,29001,50135,15
1484,29003,67858,15
1485,29005,56518,15
1486,29007,50691,15
1487,29009,48775,15
1488,29011,51712,15
1489,29013,52902,15
1490,29015,42782,15
1491,29017,49265,15
1492,29019,67777,15
1493,29021,56111,15
1494,29023,48304,15
1495,29025,55506,15
1496,29027,58407,15
1497,29029,58910,15
1498,29031,61406,15
1499,29033,56698,15
1500,29035,49224,15
1501,29037,74589,15
1502,29039,42411,15
1503,29041,52222,15
1504,29043,65915,15
1505,29045,54976,15
1506,29047,76317,15
1507,29049,64845,15
1508,29051,66395,15
1509,29053,60106,15
1510,29055,48548,15
1511,29057,48963,15
1512,29059,45702,15
1513,29061,50911,15
1514,29063,54483,15
1515,29065,50028,15
1516,29067,41015,15
1517,29069,43280,15
1518,29071,63482,15
1519,29073,54142,15
1520,29075,50751,15
1521,29077,56579,15
1522,29079,47701,15
1523,29081,48385,15
1524,29083,55596,15
1525,29085,40322,15
1526,29087,54602,15
1527,29089,57639,15
1528,29091,45514,15
1529,29093,47838,15
1530,29095,63886,15
1531,29097,56750,15
1532,29099,66806,15
1533,29101,59996,15
1534,29103,52849,15
1535,29105,49344,15
1536,29107,60133,15
1537,29109,50585,15
1538,29111,51593,15
1539,29113,62061,15
1540,29115,48959,15
1541,29117,57966,15
1542,29119,48108,15
1543,29121,46962,15
1544,29123,42811,15
1545,29125,49939,15
1546,29127,53612,15
1547,29129,49335,15
1548,29131,51950,15
1549,29133,43641,15
1550,29135,58633,15
1551,29137,50215,15
1552,29139,50036,15
1553,29141,45216,15
1554,29143,48634,15
1555,29145,59194,15
1556,29147,47504,15
1557,29149,40438,15
1558,29151,61018,15
1559,29153,38644,15
1560,29155,41819,15
1561,29157,60308,15
1562,29159,52381,15
1563,29161,54938,15
1564,29163,52684,15
1565,29165,87425,15
1566,29167,52355,15
1567,29169,55740,15
1568,29171,44055,15
1569,29173,57347,15
1570,29175,50617,15
1571,29177,62141,15
1572,29179,48073,15
1573,29181,41913,15
1574,29183,87448,15
1575,29185,42953,15
1576,29186,58850,15
1577,29187,50588,15
1578,29189,86968,15
1579,29195,51001,15
1580,29197,50359,15
1581,29199,53241,15
1582,29201,50716,15
1583,29203,46848,15
1584,29205,49439,15
1585,29207,51521,15
1586,29209,52796,15
1587,29211,48817,15
1588,29213,50243,15
1589,29215,46150,15
1590,29217,51303,15
1591,29219,64593,15
1592,29221,46890,15
1593,29223,44469,15
1594,29225,54904,15
1595,29227,54629,15
1596,29229,45509,15
1597,29510,52203,15
1598,30001,59520,15
1599,30003,54198,15
1600,30005,47951,15
1601,30007,67384,15
1602,30009,62133,15
1603,30011,65296,15
1604,30013,60376,15
1605,30015,55034,15
1606,30017,60630,15
1607,30019,67433,15
1608,30021,65390,15
1609,30023,51502,15
1610,30025,77600,15
1611,30027,56973,15
1612,30029,63365,15
1613,30031,73908,15
1614,30033,59487,15
1615,30035,47286,15
1616,30037,47592,15
1617,30039,60030,15
1618,30041,54805,15
1619,30043,75920,15
1620,30045,58481,15
1621,30047,54173,15
1622,30049,67925,15
1623,30051,60915,15
1624,30053,49440,15
1625,30055,64268,15
1626,30057,63742,15
1627,30059,49325,15
1628,30061,47743,15
1629,30063,62703,15
1630,30065,53893,15
1631,30067,59139,15
1632,30069,54110,15
1633,30071,50080,15
1634,30073,58594,15
1635,30075,61846,15
1636,30077,56453,15
1637,30079,55052,15
1638,30081,51948,15
1639,30083,82001,15
1640,30085,50701,15
1641,30087,62664,15
1642,30089,44573,15
1643,30091,67890,15
1644,30093,53588,15
1645,30095,69706,15
1646,30097,64552,15
1647,30099,60053,15
1648,30101,54624,15
1649,30103,46473,15
1650,30105,60364,15
1651,30107,44732,15
1652,30109,49833,15
1653,30111,72240,15
1654,31001,67906,15
1655,31003,61294,15
1656,31005,53697,15
1657,31007,73819,15
1658,31009,55628,15
1659,31011,65395,15
1660,31013,62039,15
1661,31015,52037,15
1662,31017,52971,15
1663,31019,68763,15
1664,31021,58179,15
1665,31023,69515,15
1666,31025,78702,15
1667,31027,66675,15
1668,31029,68623,15
1669,31031,59894,15
1670,31033,67912,15
1671,31035,64079,15
1672,31037,62954,15
1673,31039,60466,15
1674,31041,67536,15
1675,31043,58042,15
1676,31045,52282,15
1677,31047,58570,15
1678,31049,61419,15
1679,31051,60666,15
1680,31053,60727,15
1681,31055,75076,15
1682,31057,64350,15
1683,31059,63371,15
1684,31061,62948,15
1685,31063,60884,15
1686,31065,49626,15
1687,31067,60731,15
1688,31069,64789,15
1689,31071,49621,15
1690,31073,66837,15
1691,31075,50685,15
1692,31077,55279,15
1693,31079,61640,15
1694,31081,76052,15
1695,31083,58301,15
1696,31085,60683,15
1697,31087,49580,15
1698,31089,59976,15
1699,31091,49139,15
1700,31093,63776,15
1701,31095,56231,15
1702,31097,58029,15
1703,31099,63029,15
1704,31101,57526,15
1705,31103,53255,15
1706,31105,55007,15
1707,31107,60625,15
1708,31109,68815,15
1709,31111,63346,15
1710,31113,61133,15
1711,31115,64690,15
1712,31117,60991,15
1713,31119,63604,15
1714,31121,64468,15
1715,31123,59489,15
1716,31125,58132,15
1717,31127,66523,15
1718,31129,52910,15
1719,31131,62221,15
1720,31133,61481,15
1721,31135,68333,15
1722,31137,64925,15
1723,31139,64458,15
1724,31141,65010,15
1725,31143,71801,15
1726,31145,55814,15
1727,31147,54272,15
1728,31149,62899,15
1729,31151,58214,15
1730,31153,83445,15
1731,31155,74905,15
1732,31157,60637,15
1733,31159,74105,15
1734,31161,55373,15
1735,31163,58707,15
1736,31165,56560,15
1737,31167,67756,15
1738,31169,63984,15
1739,31171,67619,15
1740,31173,58096,15
1741,31175,58706,15
1742,31177,79488,15
1743,31179,68224,15
1744,31181,51164,15
1745,31183,65457,15
1746,31185,66961,15
1747,32001,59864,15
1748,32003,68833,15
1749,32005,77055,15
1750,32007,83617,15
1751,32009,47307,15
1752,32011,66220,15
1753,32013,72087,15
1754,32015,80269,15
1755,32017,62704,15
1756,32019,58670,15
1757,32021,50401,15
1758,32023,53755,15
1759,32027,55008,15
1760,32029,74940,15
1761,32031,72389,15
1762,32033,69814,15
1763,32510,63449,15
1764,33001,77195,15
1765,33003,72875,15
1766,33005,73883,15
1767,33007,54889,15
1768,33009,79002,15
1769,33011,89871,15
1770,33013,80889,15
1771,33015,101693,15
1772,33017,76479,15
1773,33019,68535,15
1774,34001,73169,15
1775,34003,118911,15
1776,34005,99207,15
1777,34007,81281,15
1778,34009,77125,15
1779,34011,64745,15
1780,34013,88556,15
1781,34015,92613,15
1782,34017,84741,15
1783,34019,136761,15
1784,34021,103873,15
1785,34023,99135,15
1786,34025,115006,15
1787,34027,134252,15
1788,34029,80400,15
1789,34031,81048,15
1790,34033,76882,15
1791,34035,135136,15
1792,34037,103758,15
1793,34039,99659,15
1794,34041,87224,15
1795,35001,65694,15
1796,35003,48643,15
1797,35005,55958,15
1798,35006,45819,15
1799,35007,46267,15
1800,35009,56558,15
1801,35011,48642,15
1802,35013,55341,15
1803,35015,73267,15
1804,35017,53524,15
1805,35019,43453,15
1806,35021,58852,15
1807,35023,45510,15
1808,35025,71740,15
1809,35027,57962,15
1810,35028,118717,15
1811,35029,38142,15
1812,35031,42381,15
1813,35033,36953,15
1814,35035,50866,15
1815,35037,40936,15
1816,35039,50772,15
1817,35041,48396,15
1818,35043,73181,15
1819,35045,64843,15
1820,35047,41672,15
1821,35049,76949,15
1822,35051,39582,15
1823,35053,54174,15
1824,35055,50629,15
1825,35057,48616,15
1826,35059,54214,15
1827,35061,52334,15
1828,36001,78816,15
1829,36003,53610,15
1830,36005,50191,15
1831,36007,61133,15
1832,36009,54628,15
1833,36011,63949,15
1834,36013,54880,15
1835,36015,65467,15
1836,36017,56345,15
1837,36019,63228,15
1838,36021,78720,15
1839,36023,63133,15
1840,36025,55606,15
1841,36027,90537,15
1842,36029,67940,15
1843,36031,65324,15
1844,36033,58774,15
1845,36035,58356,15
1846,36037,61549,15
1847,36039,66557,15
1848,36041,61069,15
1849,36043,57466,15
1850,36045,60441,15
1851,36047,71957,15
1852,36049,61986,15
1853,36051,62737,15
1854,36053,68675,15
1855,36055,70955,15
1856,36057,57536,15
1857,36059,129293,15
1858,36061,135687,15
1859,36063,63419,15
1860,36065,63857,15
1861,36067,72139,15
1862,36069,75308,15
1863,36071,89479,15
1864,36073,56908,15
1865,36075,60560,15
1866,36077,62240,15
1867,36079,117519,15
1868,36081,75162,15
1869,36083,75645,15
1870,36085,90236,15
1871,36087,108859,15
1872,36089,58676,15
1873,36091,87951,15
1874,36093,72662,15
1875,36095,62802,15
1876,36097,59578,15
1877,36099,62828,15
1878,36101,61543,15
1879,36103,110577,15
1880,36105,65585,15
1881,36107,72680,15
1882,36109,74288,15
1883,36111,77109,15
1884,36113,71951,15
1885,36115,61813,15
1886,36117,63372,15
1887,36119,134714,15
1888,36121,62150,15
1889,36123,65445,15
1890,37001,57522,15
1891,37003,50695,15
1892,37005,46617,15
1893,37007,44074,15
1894,37009,48696,15
1895,37011,55591,15
1896,37013,53366,15
1897,37015,42546,15
1898,37017,43770,15
1899,37019,63200,15
1900,37021,62781,15
1901,37023,50341,15
1902,37025,70846,15
1903,37027,47959,15
1904,37029,70422,15
1905,37031,65436,15
1906,37033,48609,15
1907,37035,60473,15
1908,37037,79129,15
1909,37039,44633,15
1910,37041,51858,15
1911,37043,51117,15
1912,37045,51751,15
1913,37047,48808,15
1914,37049,60464,15
1915,37051,57531,15
1916,37053,72338,15
1917,37055,70630,15
1918,37057,57650,15
1919,37059,71637,15
1920,37061,46378,15
1921,37063,73749,15
1922,37065,45497,15
1923,37067,65908,15
1924,37069,55412,15
1925,37071,57737,15
1926,37073,57314,15
1927,37075,47005,15
1928,37077,61848,15
1929,37079,47670,15
1930,37081,66129,15
1931,37083,46898,15
1932,37085,58198,15
1933,37087,57129,15
1934,37089,60240,15
1935,37091,45360,15
1936,37093,52696,15
1937,37095,50599,15
1938,37097,72175,15
1939,37099,51588,15
1940,37101,62901,15
1941,37103,48162,15
1942,37105,57430,15
1943,37107,49522,15
1944,37109,67876,15
1945,37111,46065,15
1946,37113,53035,15
1947,37115,51017,15
1948,37117,46124,15
1949,37119,83907,15
1950,37121,50472,15
1951,37123,49198,15
1952,37125,70448,15
1953,37127,57778,15
1954,37129,70315,15
1955,37131,42400,15
1956,37133,56634,15
1957,37135,95439,15
1958,37137,57740,15
1959,37139,58513,15
1960,37141,61079,15
1961,37143,55503,15
1962,37145,52167,15
1963,37147,58421,15
1964,37149,61522,15
1965,37151,53781,15
1966,37153,43792,15
1967,37155,42741,15
1968,37157,49532,15
1969,37159,55457,15
1970,37161,47071,15
1971,37163,49405,15
1972,37165,41490,15
1973,37167,52191,15
1974,37169,50134,15
1975,37171,49712,15
1976,37173,49001,15
1977,37175,55915,15
1978,37177,42416,15
1979,37179,88098,15
1980,37181,46825,15
1981,37183,89678,15
1982,37185,47703,15
1983,37187,46383,15
1984,37189,56001,15
1985,37191,53226,15
1986,37193,47008,15
1987,37195,53134,15
1988,37197,51659,15
1989,37199,48354,15
1990,38001,74079,15
1991,38003,73476,15
1992,38005,60150,15
1993,38007,103171,15
1994,38009,76169,15
1995,38011,81056,15
1996,38013,78012,15
1997,38015,82451,15
1998,38017,73923,15
1999,38019,87130,15
2000,38021,65936,15
2001,38023,94356,15
2002,38025,108566,15
2003,38027,71658,15
2004,38029,63628,15
2005,38031,68515,15
2006,38033,62040,15
2007,38035,69126,15
2008,38037,69118,15
2009,38039,66397,15
2010,38041,67315,15
2011,38043,73103,15
2012,38045,76664,15
2013,38047,71264,15
2014,38049,77042,15
2015,38051,60018,15
2016,38053,105197,15
2017,38055,71593,15
2018,38057,74492,15
2019,38059,78220,15
2020,38061,94481,15
2021,38063,64905,15
2022,38065,75670,15
2023,38067,68192,15
2024,38069,52740,15
2025,38071,65207,15
2026,38073,70527,15
2027,38075,76964,15
2028,38077,68405,15
2029,38079,48420,15
2030,38081,71439,15
2031,38083,67993,15
2032,38085,56817,15
2033,38087,73023,15
2034,38089,86625,15
2035,38091,74802,15
2036,38093,67153,15
2037,38095,73550,15
2038,38097,71975,15
2039,38099,67143,15
2040,38101,77417,15
2041,38103,63787,15
2042,38105,112332,15
2043,39001,46793,15
2044,39003,57759,15
2045,39005,58808,15
2046,39007,50461,15
2047,39009,48132,15
2048,39011,64738,15
2049,39013,56785,15
2050,39015,57182,15
2051,39017,74035,15
2052,39019,59714,15
2053,39021,59777,15
2054,39023,57116,15
2055,39025,76668,15
2056,39027,59304,15
2057,39029,57548,15
2058,39031,51879,15
2059,39033,53339,15
2060,39035,64869,15
2061,39037,55959,15
2062,39039,60104,15
2063,39041,116369,15
2064,39043,63692,15
2065,39045,74598,15
2066,39047,52825,15
2067,39049,71665,15
2068,39051,68706,15
2069,39053,54534,15
2070,39055,99376,15
2071,39057,77718,15
2072,39059,52619,15
2073,39061,71723,15
2074,39063,65127,15
2075,39065,54044,15
2076,39067,54654,15
2077,39069,63336,15
2078,39071,50783,15
2079,39073,53403,15
2080,39075,63197,15
2081,39077,59718,15
2082,39079,50528,15
2083,39081,55090,15
2084,39083,61111,15
2085,39085,71996,15
2086,39087,54534,15
2087,39089,70738,15
2088,39091,62506,15
2089,39093,67743,15
2090,39095,59179,15
2091,39097,72350,15
2092,39099,56184,15
2093,39101,55305,15
2094,39103,82713,15
2095,39105,49286,15
2096,39107,63742,15
2097,39109,64591,15
2098,39111,52956,15
2099,39113,60110,15
2100,39115,49177,15
2101,39117,63187,15
2102,39119,52388,15
2103,39121,52755,15
2104,39123,68930,15
2105,39125,59514,15
2106,39127,52371,15
2107,39129,69661,15
2108,39131,52733,15
2109,39133,66550,15
2110,39135,59329,15
2111,39137,69115,15
2112,39139,55076,15
2113,39141,57190,15
2114,39143,58305,15
2115,39145,49864,15
2116,39147,58119,15
2117,39149,69736,15
2118,39151,62101,15
2119,39153,69216,15
2120,39155,55104,15
2121,39157,57633,15
2122,39159,81191,15
2123,39161,60462,15
2124,39163,47135,15
2125,39165,95685,15
2126,39167,57249,15
2127,39169,62636,15
2128,39171,53749,15
2129,39173,69078,15
2130,39175,58857,15
2131,40001,44077,15
2132,40003,74136,15
2133,40005,50911,15
2134,40007,69234,15
2135,40009,73828,15
2136,40011,55364,15
2137,40013,51814,15
2138,40015,53475,15
2139,40017,78187,15
2140,40019,58755,15
2141,40021,51729,15
2142,40023,43480,15
2143,40025,61643,15
2144,40027,72560,15
2145,40029,57743,15
2146,40031,61379,15
2147,40033,54452,15
2148,40035,49473,15
2149,40037,59326,15
2150,40039,61465,15
2151,40041,52582,15
2152,40043,68026,15
2153,40045,67556,15
2154,40047,63042,15
2155,40049,54444,15
2156,40051,65187,15
2157,40053,66433,15
2158,40055,51819,15
2159,40057,48891,15
2160,40059,61331,15
2161,40061,46377,15
2162,40063,50443,15
2163,40065,55047,15
2164,40067,46905,15
2165,40069,51043,15
2166,40071,55931,15
2167,40073,70917,15
2168,40075,55402,15
2169,40077,54244,15
2170,40079,49281,15
2171,40081,58171,15
2172,40083,76598,15
2173,40085,55566,15
2174,40087,70551,15
2175,40089,44882,15
2176,40091,47975,15
2177,40093,68904,15
2178,40095,52052,15
2179,40097,52379,15
2180,40099,56710,15
2181,40101,52579,15
2182,40103,64697,15
2183,40105,50120,15
2184,40107,48003,15
2185,40109,68830,15
2186,40111,50586,15
2187,40113,58046,15
2188,40115,46227,15
2189,40117,57449,15
2190,40119,54877,15
2191,40121,57150,15
2192,40123,54370,15
2193,40125,58185,15
2194,40127,48545,15
2195,40129,67296,15
2196,40131,73938,15
2197,40133,50514,15
2198,40135,46721,15
2199,40137,59709,15
2200,40139,59278,15
2201,40141,49251,15
2202,40143,70179,15
2203,40145,68334,15
2204,40147,68124,15
2205,40149,63660,15
2206,40151,67673,15
2207,40153,69784,15
2208,41001,53598,15
2209,41003,69113,15
2210,41005,86852,15
2211,41007,60924,15
2212,41009,66129,15
2213,41011,52139,15
2214,41013,49893,15
2215,41015,51314,15
2216,41017,70750,15
2217,41019,53524,15
2218,41021,56576,15
2219,41023,49687,15
2220,41025,49813,15
2221,41027,74720,15
2222,41029,59239,15
2223,41031,57100,15
2224,41033,53329,15
2225,41035,52999,15
2226,41037,44303,15
2227,41039,59734,15
2228,41041,55647,15
2229,41043,55404,15
2230,41045,48070,15
2231,41047,61647,15
2232,41049,58405,15
2233,41051,75468,15
2234,41053,63909,15
2235,41055,57331,15
2236,41057,53969,15
2237,41059,58977,15
2238,41061,58537,15
2239,41063,51968,15
2240,41065,57304,15
2241,41067,84859,15
2242,41069,46496,15
2243,41071,69096,15
2244,42001,72982,15
2245,42003,74741,15
2246,42005,57279,15
2247,42007,64186,15
2248,42009,56195,15
2249,42011,71198,15
2250,42013,57111,15
2251,42015,63534,15
2252,42017,101658,15
2253,42019,79649,15
2254,42021,55552,15
2255,42023,53802,15
2256,42025,62222,15
2257,42027,69910,15
2258,42029,114430,15
2259,42031,53726,15
2260,42033,52487,15
2261,42035,56328,15
2262,42037,59585,15
2263,42039,56661,15
2264,42041,79445,15
2265,42043,71238,15
2266,42045,90828,15
2267,42047,57146,15
2268,42049,61352,15
2269,42051,52479,15
2270,42053,44854,15
2271,42055,65712,15
2272,42057,56999,15
2273,42059,61549,15
2274,42061,53736,15
2275,42063,58485,15
2276,42065,53296,15
2277,42067,56486,15
2278,42069,61757,15
2279,42071,72224,15
2280,42073,58338,15
2281,42075,67253,15
2282,42077,74253,15
2283,42079,60341,15
2284,42081,59592,15
2285,42083,56762,15
2286,42085,58548,15
2287,42087,50524,15
2288,42089,69731,15
2289,42091,109215,15
2290,42093,72661,15
2291,42095,77995,15
2292,42097,55265,15
2293,42099,67310,15
2294,42101,56418,15
2295,42103,73974,15
2296,42105,54356,15
2297,42107,57499,15
2298,42109,63613,15
2299,42111,57078,15
2300,42113,56591,15
2301,42115,62561,15
2302,42117,59063,15
2303,42119,67382,15
2304,42121,55509,15
2305,42123,57520,15
2306,42125,74166,15
2307,42127,62340,15
2308,42129,69065,15
2309,42131,64659,15
2310,42133,72412,15
2311,44001,98763,15
2312,44003,82091,15
2313,44005,92860,15
2314,44007,68444,15
2315,44009,92381,15
2316,45001,44996,15
2317,45003,62413,15
2318,45005,32880,15
2319,45007,56282,15
2320,45009,45137,15
2321,45011,47256,15
2322,45013,79312,15
2323,45015,66084,15
2324,45017,60274,15
2325,45019,77100,15
2326,45021,49208,15
2327,45023,46419,15
2328,45025,44215,15
2329,45027,46688,15
2330,45029,46886,15
2331,45031,49729,15
2332,45033,38446,15
2333,45035,67930,15
2334,45037,59809,15
2335,45039,49805,15
2336,45041,58998,15
2337,45043,61554,15
2338,45045,69209,15
2339,45047,53153,15
2340,45049,47543,15
2341,45051,56767,15
2342,45053,45928,15
2343,45055,56180,15
2344,45057,58143,15
2345,45059,50667,15
2346,45061,42825,15
2347,45063,68528,15
2348,45065,53800,15
2349,45067,43789,15
2350,45069,41822,15
2351,45071,53682,15
2352,45073,59292,15
2353,45075,45533,15
2354,45077,54749,15
2355,45079,66283,15
2356,45081,51766,15
2357,45083,58134,15
2358,45085,53496,15
2359,45087,45088,15
2360,45089,41922,15
2361,45091,72604,15
2362,46003,61548,15
2363,46005,58679,15
2364,46007,54535,15
2365,46009,61066,15
2366,46011,65907,15
2367,46013,67609,15
2368,46015,59339,15
2369,46017,40141,15
2370,46019,56014,15
2371,46021,75276,15
2372,46023,57160,15
2373,46025,59993,15
2374,46027,53286,15
2375,46029,62799,15
2376,46031,45328,15
2377,46033,67589,15
2378,46035,60351,15
2379,46037,56620,15
2380,46039,69644,15
2381,46041,51824,15
2382,46043,68434,15
2383,46045,70332,15
2384,46047,53364,15
2385,46049,68262,15
2386,46051,61805,15
2387,46053,51805,15
2388,46055,56725,15
2389,46057,71569,15
2390,46059,64678,15
2391,46061,73048,15
2392,46063,62359,15
2393,46065,71359,15
2394,46067,64484,15
2395,46069,64018,15
2396,46071,56920,15
2397,46073,82289,15
2398,46075,48733,15
2399,46077,66104,15
2400,46079,72720,15
2401,46081,61869,15
2402,46083,94949,15
2403,46085,56398,15
2404,46087,73259,15
2405,46089,49614,15
2406,46091,63333,15
2407,46093,66378,15
2408,46095,41584,15
2409,46097,70005,15
2410,46099,67809,15
2411,46101,66167,15
2412,46102,37375,15
2413,46103,66707,15
2414,46105,60546,15
2415,46107,63003,15
2416,46109,61844,15
2417,46111,65416,15
2418,46115,68578,15
2419,46117,72016,15
2420,46119,87155,15
2421,46121,38857,15
2422,46123,52773,15
2423,46125,63406,15
2424,46127,90196,15
2425,46129,56373,15
2426,46135,65394,15
2427,46137,43084,15
2428,47001,61225,15
2429,47003,53738,15
2430,47005,44450,15
2431,47007,49808,15
2432,47009,64302,15
2433,47011,59997,15
2434,47013,43539,15
2435,47015,55044,15
2436,47017,47337,15
2437,47019,44559,15
2438,47021,63279,15
2439,47023,52246,15
2440,47025,45506,15
2441,47027,39491,15
2442,47029,43334,15
2443,47031,54701,15
2444,47033,48467,15
2445,47035,50339,15
2446,47037,69962,15
2447,47039,54943,15
2448,47041,64327,15
2449,47043,58184,15
2450,47045,57656,15
2451,47047,74926,15
2452,47049,39940,15
2453,47051,56645,15
2454,47053,51544,15
2455,47055,51388,15
2456,47057,47275,15
2457,47059,48170,15
2458,47061,41394,15
2459,47063,50669,15
2460,47065,67670,15
2461,47067,35623,15
2462,47069,43809,15
2463,47071,51524,15
2464,47073,48598,15
2465,47075,46716,15
2466,47077,48318,15
2467,47079,52554,15
2468,47081,48937,15
2469,47083,46219,15
2470,47085,56038,15
2471,47087,42730,15
2472,47089,57359,15
2473,47091,42061,15
2474,47093,68276,15
2475,47095,45877,15
2476,47097,42311,15
2477,47099,49462,15
2478,47101,44994,15
2479,47103,51630,15
2480,47105,67443,15
2481,47107,49699,15
2482,47109,44843,15
2483,47111,45287,15
2484,47113,59477,15
2485,47115,52792,15
2486,47117,55823,15
2487,47119,61205,15
2488,47121,47183,15
2489,47123,49571,15
2490,47125,61578,15
2491,47127,71451,15
2492,47129,52180,15
2493,47131,53017,15
2494,47133,47727,15
2495,47135,44703,15
2496,47137,48467,15
2497,47139,51814,15
2498,47141,53623,15
2499,47143,50097,15
2500,47145,54725,15
2501,47147,64883,15
2502,47149,70161,15
2503,47151,47551,15
2504,47153,53949,15
2505,47155,55860,15
2506,47157,68182,15
2507,47159,58478,15
2508,47161,53031,15
2509,47163,57054,15
2510,47165,76140,15
2511,47167,65470,15
2512,47169,54326,15
2513,47171,46957,15
2514,47173,47338,15
2515,47175,50426,15
2516,47177,50538,15
2517,47179,60958,15
2518,47181,43720,15
2519,47183,48588,15
2520,47185,44595,15
2521,47187,126502,15
2522,47189,76542,15
2523,48001,56823,15
2524,48003,87975,15
2525,48005,59673,15
2526,48007,67829,15
2527,48009,75395,15
2528,48011,73212,15
2529,48013,66407,15
2530,48015,71505,15
2531,48017,47641,15
2532,48019,63522,15
2533,48021,71367,15
2534,48023,66772,15
2535,48025,58242,15
2536,48027,64628,15
2537,48029,69019,15
2538,48031,72611,15
2539,48033,124518,15
2540,48035,61684,15
2541,48037,60235,15
2542,48039,87575,15
2543,48041,60648,15
2544,48043,59389,15
2545,48045,54933,15
2546,48047,39814,15
2547,48049,56833,15
2548,48051,64521,15
2549,48053,66083,15
2550,48055,60419,15
2551,48057,64848,15
2552,48059,53881,15
2553,48061,49194,15
2554,48063,53582,15
2555,48065,74754,15
2556,48067,50902,15
2557,48069,62588,15
2558,48071,85743,15
2559,48073,54225,15
2560,48075,55331,15
2561,48077,65771,15
2562,48079,53251,15
2563,48081,58331,15
2564,48083,47998,15
2565,48085,107693,15
2566,48087,51132,15
2567,48089,66335,15
2568,48091,87073,15
2569,48093,48673,15
2570,48095,64229,15
2571,48097,68981,15
2572,48099,61238,15
2573,48101,44265,15
2574,48103,69510,15
2575,48105,67386,15
2576,48107,50564,15
2577,48109,46626,15
2578,48111,56347,15
2579,48113,75126,15
2580,48115,60502,15
2581,48117,56373,15
2582,48119,53857,15
2583,48121,96283,15
2584,48123,78814,15
2585,48125,52763,15
2586,48127,58986,15
2587,48129,48570,15
2588,48131,56185,15
2589,48133,55292,15
2590,48135,74487,15
2591,48137,54388,15
2592,48139,76547,15
2593,48141,56657,15
2594,48143,56512,15
2595,48145,47782,15
2596,48147,55509,15
2597,48149,69200,15
2598,48151,60306,15
2599,48153,56333,15
2600,48155,46515,15
2601,48157,111980,15
2602,48159,66275,15
2603,48161,61891,15
2604,48163,57850,15
2605,48165,74368,15
2606,48167,83685,15
2607,48169,70872,15
2608,48171,72073,15
2609,48173,95620,15
2610,48175,72342,15
2611,48177,60419,15
2612,48179,57455,15
2613,48181,63611,15
2614,48183,63180,15
2615,48185,60986,15
2616,48187,75956,15
2617,48189,52566,15
2618,48191,44427,15
2619,48193,60103,15
2620,48195,61944,15
2621,48197,48017,15
2622,48199,69755,15
2623,48201,81214,15
2624,48203,64073,15
2625,48205,74829,15
2626,48207,53372,15
2627,48209,76204,15
2628,48211,83335,15
2629,48213,57769,15
2630,48215,50757,15
2631,48217,55851,15
2632,48219,63516,15
2633,48221,74907,15
2634,48223,59079,15
2635,48225,47040,15
2636,48227,65298,15
2637,48229,42613,15
2638,48231,58679,15
2639,48233,62227,15
2640,48235,79204,15
2641,48237,69369,15
2642,48239,69271,15
2643,48241,53888,15
2644,48243,57797,15
2645,48245,61977,15
2646,48247,49612,15
2647,48249,63825,15
2648,48251,71884,15
2649,48253,56559,15
2650,48255,81136,15
2651,48257,73232,15
2652,48259,96180,15
2653,48261,44546,15
2654,48263,64583,15
2655,48265,62268,15
2656,48267,59819,15
2657,48269,70313,15
2658,48271,47574,15
2659,48273,52832,15
2660,48275,49015,15
2661,48277,56154,15
2662,48279,55964,15
2663,48281,62298,15
2664,48283,72807,15
2665,48285,67402,15
2666,48287,67174,15
2667,48289,70142,15
2668,48291,62290,15
2669,48293,53982,15
2670,48295,82188,15
2671,48297,61394,15
2672,48299,78836,15
2673,48301,54313,15
2674,48303,64233,15
2675,48305,59742,15
2676,48307,55521,15
2677,48309,59530,15
2678,48311,74518,15
2679,48313,52452,15
2680,48315,50718,15
2681,48317,81492,15
2682,48319,56866,15
2683,48321,56032,15
2684,48323,49097,15
2685,48325,72185,15
2686,48327,50222,15
2687,48329,98503,15
2688,48331,56071,15
2689,48333,57152,15
2690,48335,62338,15
2691,48337,61318,15
2692,48339,95714,15
2693,48341,60218,15
2694,48343,54436,15
2695,48345,46303,15
2696,48347,55673,15
2697,48349,56391,15
2698,48351,51865,15
2699,48353,51548,15
2700,48355,67393,15
2701,48357,72142,15
2702,48359,75141,15
2703,48361,64834,15
2704,48363,58744,15
2705,48365,65420,15
2706,48367,87585,15
2707,48369,59716,15
2708,48371,61501,15
2709,48373,55497,15
2710,48375,55439,15
2711,48377,42947,15
2712,48379,56531,15
2713,48381,77137,15
2714,48383,67014,15
2715,48385,46824,15
2716,48387,45496,15
2717,48389,58529,15
2718,48391,62820,15
2719,48393,81912,15
2720,48395,56709,15
2721,48397,105776,15
2722,48399,56597,15
2723,48401,61937,15
2724,48403,47160,15
2725,48405,47613,15
2726,48407,59113,15
2727,48409,67854,15
2728,48411,48090,15
2729,48413,66807,15
2730,48415,72091,15
2731,48417,57372,15
2732,48419,53528,15
2733,48421,64905,15
2734,48423,65824,15
2735,48425,68206,15
2736,48427,42419,15
2737,48429,56822,15
2738,48431,61407,15
2739,48433,54420,15
2740,48435,66581,15
2741,48437,51284,15
2742,48439,79787,15
2743,48441,61924,15
2744,48443,52796,15
2745,48445,62384,15
2746,48447,61584,15
2747,48449,58613,15
2748,48451,64584,15
2749,48453,88971,15
2750,48455,46571,15
2751,48457,52859,15
2752,48459,61584,15
2753,48461,63851,15
2754,48463,52664,15
2755,48465,56890,15
2756,48467,60192,15
2757,48469,69644,15
2758,48471,53010,15
2759,48473,69918,15
2760,48475,65346,15
2761,48477,65211,15
2762,48479,53503,15
2763,48481,57602,15
2764,48483,65567,15
2765,48485,60332,15
2766,48487,51283,15
2767,48489,39408,15
2768,48491,88984,15
2769,48493,81615,15
2770,48495,65419,15
2771,48497,75100,15
2772,48499,60966,15
2773,48501,69824,15
2774,48503,64306,15
2775,48505,48604,15
2776,48507,39676,15
2777,49001,60103,15
2778,49003,66608,15
2779,49005,64495,15
2780,49007,56180,15
2781,49009,65200,15
2782,49011,85053,15
2783,49013,70543,15
2784,49015,58748,15
2785,49017,55650,15
2786,49019,53168,15
2787,49021,56331,15
2788,49023,60543,15
2789,49025,61443,15
2790,49027,60141,15
2791,49029,93284,15
2792,49031,45834,15
2793,49033,61944,15
2794,49035,80403,15
2795,49037,52450,15
2796,49039,59314,15
2797,49041,55271,15
2798,49043,132040,15
2799,49045,72438,15
2800,49047,77676,15
2801,49049,77269,15
2802,49051,81751,15
2803,49053,65227,15
2804,49055,54193,15
2805,49057,68500,15
2806,50001,73883,15
2807,50003,67898,15
2808,50005,57732,15
2809,50007,83825,15
2810,50009,47644,15
2811,50011,71724,15
2812,50013,82608,15
2813,50015,65895,15
2814,50017,65715,15
2815,50019,54886,15
2816,50021,63059,15
2817,50023,72347,15
2818,50025,64992,15
2819,50027,73119,15
2820,51001,54242,15
2821,51003,96973,15
2822,51005,55400,15
2823,51007,66665,15
2824,51009,58437,15
2825,51011,59932,15
2826,51013,138377,15
2827,51015,69443,15
2828,51017,68991,15
2829,51019,70366,15
2830,51021,51995,15
2831,51023,78579,15
2832,51025,49693,15
2833,51027,42482,15
2834,51029,51410,15
2835,51031,59455,15
2836,51033,71857,15
2837,51035,47912,15
2838,51036,68499,15
2839,51037,43836,15
2840,51041,90380,15
2841,51043,93049,15
2842,51045,53328,15
2843,51047,80669,15
2844,51049,54299,15
2845,51051,49163,15
2846,51053,60572,15
2847,51057,57752,15
2848,51059,142982,15
2849,51061,114400,15
2850,51063,57653,15
2851,51065,74578,15
2852,51067,60710,15
2853,51069,82711,15
2854,51071,58639,15
2855,51073,75438,15
2856,51075,124160,15
2857,51077,43943,15
2858,51079,75022,15
2859,51081,50870,15
2860,51083,46919,15
2861,51085,92913,15
2862,51087,83275,15
2863,51089,46593,15
2864,51091,56516,15
2865,51093,79509,15
2866,51095,98634,15
2867,51097,60884,15
2868,51099,99641,15
2869,51101,72927,15
2870,51103,64404,15
2871,51105,44070,15
2872,51107,143939,15
2873,51109,72737,15
2874,51111,49939,15
2875,51113,63915,15
2876,51115,74698,15
2877,51117,49065,15
2878,51119,71189,15
2879,51121,66108,15
2880,51125,63968,15
2881,51127,89039,15
2882,51131,50326,15
2883,51133,66878,15
2884,51135,49331,15
2885,51137,76323,15
2886,51139,55393,15
2887,51141,43977,15
2888,51143,51719,15
2889,51145,91042,15
2890,51147,53243,15
2891,51149,74474,15
2892,51153,115399,15
2893,51155,59580,15
2894,51157,84667,15
2895,51159,58774,15
2896,51161,75655,15
2897,51163,63232,15
2898,51165,68784,15
2899,51167,48217,15
2900,51169,50149,15
2901,51171,60990,15
2902,51173,51853,15
2903,51175,60604,15
2904,51177,93057,15
2905,51179,113506,15
2906,51181,61735,15
2907,51183,50969,15
2908,51185,54171,15
2909,51187,76730,15
2910,51191,59418,15
2911,51193,61137,15
2912,51195,51296,15
2913,51197,54730,15
2914,51199,97087,15
2915,51510,117072,15
2916,51520,46359,15
2917,51530,39854,15
2918,51540,72724,15
2919,51550,82481,15
2920,51570,65944,15
2921,51580,43694,15
2922,51590,47723,15
2923,51595,45789,15
2924,51600,125748,15
2925,51610,164844,15
2926,51620,51587,15
2927,51630,72876,15
2928,51640,48043,15
2929,51650,61379,15
2930,51660,53866,15
2931,51670,49506,15
2932,51678,52898,15
2933,51680,55950,15
2934,51683,90180,15
2935,51685,87858,15
2936,51690,49876,15
2937,51700,63145,15
2938,51710,60858,15
2939,51720,42996,15
2940,51730,43776,15
2941,51735,98162,15
2942,51740,56614,15
2943,51750,43891,15
2944,51760,63891,15
2945,51770,53702,15
2946,51775,66844,15
2947,51790,56843,15
2948,51800,79880,15
2949,51810,83834,15
2950,51820,51644,15
2951,51830,72362,15
2952,51840,64727,15
2953,53001,56069,15
2954,53003,57706,15
2955,53005,76822,15
2956,53007,66535,15
2957,53009,59918,15
2958,53011,76916,15
2959,53013,57131,15
2960,53015,60392,15
2961,53017,64444,15
2962,53019,47982,15
2963,53021,66824,15
2964,53023,52230,15
2965,53025,59150,15
2966,53027,55932,15
2967,53029,74283,15
2968,53031,61645,15
2969,53033,101859,15
2970,53035,79829,15
2971,53037,57505,15
2972,53039,56953,15
2973,53041,55886,15
2974,53043,58971,15
2975,53045,62595,15
2976,53047,53598,15
2977,53049,48661,15
2978,53051,51392,15
2979,53053,75026,15
2980,53055,80794,15
2981,53057,70071,15
2982,53059,70827,15
2983,53061,85813,15
2984,53063,64588,15
2985,53065,54221,15
2986,53067,74136,15
2987,53069,56470,15
2988,53071,62175,15
2989,53073,68204,15
2990,53075,55190,15
2991,53077,58755,15
2992,54001,46623,15
2993,54003,68405,15
2994,54005,52638,15
2995,54007,46606,15
2996,54009,55881,15
2997,54011,55743,15
2998,54013,45519,15
2999,54015,42030,15
3000,54017,49426,15
3001,54019,47160,15
3002,54021,48947,15
3003,54023,48349,15
3004,54025,50972,15
3005,54027,38812,15
3006,54029,54177,15
3007,54031,54008,15
3008,54033,58895,15
3009,54035,56915,15
3010,54037,82338,15
3011,54039,63192,15
3012,54041,50823,15
3013,54043,47140,15
3014,54045,50869,15
3015,54047,36706,15
3016,54049,57229,15
3017,54051,56399,15
3018,54053,47367,15
3019,54055,49472,15
3020,54057,43227,15
3021,54059,48708,15
3022,54061,65326,15
3023,54063,47975,15
3024,54065,53704,15
3025,54067,56064,15
3026,54069,61739,15
3027,54071,50410,15
3028,54073,61238,15
3029,54075,49801,15
3030,54077,54515,15
3031,54079,73520,15
3032,54081,54883,15
3033,54083,51736,15
3034,54085,46394,15
3035,54087,45874,15
3036,54089,47342,15
3037,54091,55749,15
3038,54093,50760,15
3039,54095,50928,15
3040,54097,51216,15
3041,54099,47109,15
3042,54101,41700,15
3043,54103,51809,15
3044,54105,53076,15
3045,54107,56786,15
3046,54109,46517,15
3047,55001,54596,15
3048,55003,51790,15
3049,55005,56271,15
3050,55007,57587,15
3051,55009,69478,15
3052,55011,59930,15
3053,55013,51263,15
3054,55015,78098,15
3055,55017,63568,15
3056,55019,57405,15
3057,55021,71381,15
3058,55023,54562,15
3059,55025,82258,15
3060,55027,63974,15
3061,55029,67218,15
3062,55031,57932,15
3063,55033,61953,15
3064,55035,63855,15
3065,55037,57165,15
3066,55039,67064,15
3067,55041,50870,15
3068,55043,58728,15
3069,55045,68904,15
3070,55047,60212,15
3071,55049,67952,15
3072,55051,51963,15
3073,55053,58076,15
3074,55055,68757,15
3075,55057,56074,15
3076,55059,69138,15
3077,55061,65432,15
3078,55063,68182,15
3079,55065,63610,15
3080,55067,53210,15
3081,55069,59565,15
3082,55071,60700,15
3083,55073,70218,15
3084,55075,54056,15
3085,55077,56478,15
3086,55078,46080,15
3087,55079,60361,15
3088,55081,59640,15
3089,55083,64354,15
3090,55085,59451,15
3091,55087,72043,15
3092,55089,108217,15
3093,55091,60275,15
3094,55093,76549,15
3095,55095,63168,15
3096,55097,64355,15
3097,55099,52635,15
3098,55101,70695,15
3099,55103,56230,15
3100,55105,62434,15
3101,55107,50515,15
3102,55109,86453,15
3103,55111,63353,15
3104,55113,56820,15
3105,55115,59148,15
3106,55117,65946,15
3107,55119,56902,15
3108,55121,62687,15
3109,55123,60990,15
3110,55125,54073,15
3111,55127,69382,15
3112,55129,56544,15
3113,55131,83790,15
3114,55133,97181,15
3115,55135,64325,15
3116,55137,58173,15
3117,55139,66974,15
3118,55141,60939,15
3119,56001,59096,15
3120,56003,59217,15
3121,56005,90385,15
3122,56007,66962,15
3123,56009,72920,15
3124,56011,77784,15
3125,56013,65027,15
3126,56015,60146,15
3127,56017,58413,15
3128,56019,68158,15
3129,56021,74184,15
3130,56023,79133,15
3131,56025,74161,15
3132,56027,58528,15
3133,56029,69272,15
3134,56031,57106,15
3135,56033,68777,15
3136,56035,85852,15
3137,56037,79150,15
3138,56039,110861,15
3139,56041,70306,15
3140,56043,63530,15
3141,56045,69975,15
