,id,unrate
0,01001,5.6
1,01003,6.3
2,01005,12.8
3,01007,7.1
4,01009,6.0
5,01011,13.3
6,01013,9.8
7,01015,11.7
8,01017,7.5
9,01019,5.9
10,01021,7.9
11,01023,13.6
12,01025,17.1
13,01027,6.6
14,01029,7.2
15,01031,6.2
16,01033,7.5
17,01035,20.4
18,01037,12.6
19,01039,10.7
20,01041,7.4
21,01043,6.1
22,01045,10.4
23,01047,14.9
24,01049,6.3
25,01051,7.5
26,01053,15.2
27,01055,8.5
28,01057,8.8
29,01059,9.7
30,01061,10.3
31,01063,18.2
32,01065,12.1
33,01067,7.5
34,01069,8.1
35,01071,8.6
36,01073,8.2
37,01075,9.5
38,01077,7.6
39,01079,8.3
40,01081,6.1
41,01083,7.9
42,01085,12.3
43,01087,15.0
44,01089,7.3
45,01091,14.1
46,01093,7.6
47,01095,7.2
48,01097,8.7
49,01099,21.8
50,01101,8.4
51,01103,8.9
52,01105,11.7
53,01107,12.3
54,01109,9.7
55,01111,8.0
56,01113,9.4
57,01115,6.4
58,01117,4.6
59,01119,15.3
60,01121,12.0
61,01123,9.8
62,01125,7.0
63,01127,11.0
64,01129,16.1
65,01131,20.4
66,01133,8.7
67,02013,2.6
68,02016,1.1
69,02020,6.0
70,02050,19.3
71,02060,5.7
72,02068,1.2
73,02070,11.2
74,02090,8.5
75,02100,3.8
76,02105,10.2
77,02110,4.9
78,02122,8.7
79,02130,7.6
80,02150,3.6
81,02158,26.4
82,02164,11.7
83,02170,9.9
84,02180,17.4
85,02185,10.0
86,02188,22.6
87,02195,5.8
88,02198,13.6
89,02220,4.5
90,02230,6.7
91,02240,9.4
92,02261,9.0
93,02275,7.2
94,02282,7.1
95,02290,18.4
96,04001,15.8
97,04003,8.6
98,04005,8.2
99,04007,12.1
100,04009,14.4
101,04011,8.9
102,04012,10.6
103,04013,6.8
104,04015,11.7
105,04017,18.5
106,04019,9.2
107,04021,9.4
108,04023,9.7
109,04025,8.5
110,04027,12.5
111,05001,9.1
112,05003,10.0
113,05005,6.2
114,05007,3.4
115,05009,8.4
116,05011,11.0
117,05013,6.8
118,05015,6.0
119,05017,10.8
120,05019,7.9
121,05021,7.0
122,05023,8.5
123,05025,8.9
124,05027,9.3
125,05029,7.2
126,05031,6.3
127,05033,7.1
128,05035,9.1
129,05037,7.5
130,05039,7.1
131,05041,12.8
132,05043,12.9
133,05045,5.8
134,05047,8.8
135,05049,7.3
136,05051,9.1
137,05053,8.0
138,05055,8.2
139,05057,8.3
140,05059,6.8
141,05061,7.4
142,05063,6.7
143,05065,9.6
144,05067,7.7
145,05069,9.7
146,05071,5.7
147,05073,11.1
148,05075,8.2
149,05077,16.4
150,05079,11.6
151,05081,8.8
152,05083,8.1
153,05085,5.6
154,05087,5.2
155,05089,10.0
156,05091,8.6
157,05093,10.9
158,05095,10.7
159,05097,4.5
160,05099,7.2
161,05101,5.1
162,05103,7.9
163,05105,7.4
164,05107,17.6
165,05109,5.6
166,05111,6.8
167,05113,8.7
168,05115,7.1
169,05117,6.7
170,05119,6.4
171,05121,4.1
172,05123,11.0
173,05125,4.7
174,05127,11.9
175,05129,4.2
176,05131,5.4
177,05133,6.8
178,05135,7.9
179,05137,8.1
180,05139,9.0
181,05141,11.9
182,05143,5.2
183,05145,6.3
184,05147,12.3
185,05149,6.8
186,06001,7.1
187,06003,11.8
188,06005,11.6
189,06007,10.7
190,06009,9.6
191,06011,8.7
192,06013,7.7
193,06015,10.4
194,06017,9.6
195,06019,11.9
196,06021,9.9
197,06023,9.5
198,06025,17.1
199,06027,6.3
200,06029,11.9
201,06031,11.7
202,06033,13.7
203,06035,9.4
204,06037,8.9
205,06039,8.2
206,06041,5.1
207,06043,9.8
208,06045,11.0
209,06047,15.7
210,06049,6.8
211,06051,8.0
212,06053,6.9
213,06055,6.6
214,06057,8.8
215,06059,6.8
216,06061,7.0
217,06063,11.8
218,06065,11.3
219,06067,10.2
220,06069,10.8
221,06071,11.0
222,06073,7.8
223,06075,6.2
224,06077,11.9
225,06079,5.5
226,06081,5.6
227,06083,7.2
228,06085,6.6
229,06087,7.3
230,06089,8.7
231,06091,3.9
232,06093,11.7
233,06095,10.0
234,06097,7.0
235,06099,13.8
236,06101,11.2
237,06103,12.6
238,06105,9.9
239,06107,10.6
240,06109,11.6
241,06111,7.5
242,06113,7.9
243,06115,12.7
244,08001,6.1
245,08003,8.7
246,08005,6.0
247,08007,6.7
248,08009,3.7
249,08011,7.9
250,08013,5.6
251,08014,4.5
252,08015,3.8
253,08017,8.8
254,08019,4.4
255,08021,10.3
256,08023,11.6
257,08025,26.4
258,08027,10.8
259,08029,9.2
260,08031,5.4
261,08033,3.6
262,08035,3.6
263,08037,3.0
264,08039,5.6
265,08041,7.4
266,08043,8.0
267,08045,6.2
268,08047,3.9
269,08049,5.8
270,08051,7.1
271,08053,5.1
272,08055,12.6
273,08057,1.8
274,08059,5.2
275,08061,4.1
276,08063,5.0
277,08065,6.0
278,08067,5.1
279,08069,6.0
280,08071,7.8
281,08073,4.2
282,08075,6.9
283,08077,8.7
284,08079,2.1
285,08081,4.5
286,08083,6.5
287,08085,8.6
288,08087,5.5
289,08089,10.1
290,08091,6.4
291,08093,4.3
292,08095,2.7
293,08097,5.5
294,08099,10.6
295,08101,9.7
296,08103,4.3
297,08105,9.4
298,08107,4.1
299,08109,7.7
300,08111,10.3
301,08113,4.3
302,08115,8.4
303,08117,4.3
304,08119,7.2
305,08121,3.9
306,08123,6.0
307,08125,2.2
308,09001,8.2
309,09003,8.2
310,09005,6.7
311,09007,5.3
312,09009,8.5
313,09011,7.7
314,09013,6.3
315,09015,8.4
316,10001,8.0
317,10003,6.9
318,10005,7.1
319,11001,8.7
320,12001,7.0
321,12003,6.8
322,12005,7.5
323,12007,10.6
324,12009,9.3
325,12011,8.7
326,12013,10.1
327,12015,10.1
328,12017,11.6
329,12019,8.9
330,12021,6.4
331,12023,11.7
332,12027,8.3
333,12029,5.3
334,12031,8.6
335,12033,8.3
336,12035,7.6
337,12037,9.2
338,12039,9.6
339,12041,9.7
340,12043,13.3
341,12045,9.2
342,12047,14.0
343,12049,11.3
344,12051,10.1
345,12053,11.2
346,12055,12.3
347,12057,7.9
348,12059,13.1
349,12061,10.3
350,12063,12.3
351,12065,8.4
352,12067,15.0
353,12069,8.2
354,12071,8.5
355,12073,9.6
356,12075,9.9
357,12077,9.1
358,12079,12.4
359,12081,7.5
360,12083,10.1
361,12085,8.4
362,12086,8.5
363,12087,4.9
364,12089,7.6
365,12091,6.5
366,12093,11.2
367,12095,8.1
368,12097,8.3
369,12099,8.2
370,12101,8.2
371,12103,7.3
372,12105,9.6
373,12107,11.4
374,12109,6.0
375,12111,9.9
376,12113,7.1
377,12115,7.1
378,12117,8.0
379,12119,7.9
380,12121,10.3
381,12123,7.7
382,12125,10.5
383,12127,7.8
384,12129,7.1
385,12131,7.3
386,12133,9.8
387,13001,8.5
388,13003,5.9
389,13005,5.3
390,13007,3.2
391,13009,8.2
392,13011,7.7
393,13013,8.6
394,13015,7.7
395,13017,7.8
396,13019,10.4
397,13021,11.3
398,13023,6.6
399,13025,9.2
400,13027,17.7
401,13029,9.3
402,13031,9.7
403,13033,7.3
404,13035,8.4
405,13037,14.4
406,13039,9.3
407,13043,7.1
408,13045,10.8
409,13047,7.2
410,13049,12.0
411,13051,9.2
412,13053,16.0
413,13055,10.1
414,13057,5.5
415,13059,8.6
416,13061,18.9
417,13063,12.2
418,13065,11.3
419,13067,6.8
420,13069,7.3
421,13071,7.7
422,13073,6.9
423,13075,5.4
424,13077,6.6
425,13079,9.6
426,13081,13.9
427,13083,5.8
428,13085,7.5
429,13087,6.7
430,13089,9.8
431,13091,10.5
432,13093,9.4
433,13095,17.0
434,13097,9.0
435,13099,7.9
436,13101,7.0
437,13103,6.0
438,13105,8.3
439,13107,11.5
440,13109,7.8
441,13111,9.2
442,13113,6.3
443,13115,9.3
444,13117,4.8
445,13119,7.9
446,13121,8.9
447,13123,7.8
448,13125,6.9
449,13127,7.8
450,13129,7.7
451,13131,9.2
452,13133,6.6
453,13135,6.8
454,13137,7.2
455,13139,5.7
456,13141,10.3
457,13143,10.3
458,13145,8.1
459,13147,5.6
460,13149,9.8
461,13151,8.9
462,13153,8.8
463,13155,6.9
464,13157,6.8
465,13159,8.8
466,13161,5.3
467,13163,13.3
468,13165,6.2
469,13167,9.3
470,13169,8.0
471,13171,13.0
472,13173,13.9
473,13175,5.9
474,13177,6.9
475,13179,13.0
476,13181,9.1
477,13183,16.3
478,13185,11.0
479,13187,6.8
480,13189,8.6
481,13191,9.9
482,13193,16.9
483,13195,8.0
484,13197,14.5
485,13199,11.2
486,13201,7.9
487,13205,16.6
488,13207,9.0
489,13209,5.8
490,13211,6.9
491,13213,8.9
492,13215,10.1
493,13217,10.6
494,13219,4.2
495,13221,5.6
496,13223,6.8
497,13225,10.4
498,13227,7.2
499,13229,8.3
500,13231,10.0
501,13233,8.7
502,13235,5.9
503,13237,8.0
504,13239,18.5
505,13241,6.8
506,13243,9.7
507,13245,11.5
508,13247,10.3
509,13249,13.0
510,13251,8.5
511,13253,8.7
512,13255,10.2
513,13257,10.5
514,13259,13.9
515,13261,12.7
516,13263,9.3
517,13265,11.7
518,13267,5.1
519,13269,17.9
520,13271,4.3
521,13273,12.1
522,13275,9.8
523,13277,5.1
524,13279,10.8
525,13281,8.9
526,13283,6.2
527,13285,10.7
528,13287,9.1
529,13289,7.7
530,13291,9.1
531,13293,12.5
532,13295,7.0
533,13297,7.8
534,13299,5.7
535,13301,12.5
536,13303,10.7
537,13305,12.8
538,13307,5.2
539,13309,7.5
540,13311,4.8
541,13313,9.6
542,13315,7.9
543,13317,8.6
544,13319,7.4
545,13321,8.2
546,15001,7.4
547,15003,5.1
548,15005,0.0
549,15007,5.1
550,15009,6.0
551,16001,5.3
552,16003,10.8
553,16005,7.1
554,16007,3.4
555,16009,10.2
556,16011,6.6
557,16013,3.7
558,16015,8.3
559,16017,5.7
560,16019,4.7
561,16021,3.9
562,16023,6.8
563,16025,4.3
564,16027,8.3
565,16029,2.4
566,16031,4.5
567,16033,4.7
568,16035,6.6
569,16037,3.6
570,16039,7.5
571,16041,3.8
572,16043,5.2
573,16045,9.0
574,16047,4.3
575,16049,6.4
576,16051,4.8
577,16053,5.1
578,16055,7.1
579,16057,7.7
580,16059,5.8
581,16061,6.3
582,16063,5.0
583,16065,9.4
584,16067,4.8
585,16069,5.9
586,16071,7.0
587,16073,8.8
588,16075,8.2
589,16077,6.6
590,16079,10.5
591,16081,5.9
592,16083,4.4
593,16085,4.9
594,16087,9.4
595,17001,6.4
596,17003,11.8
597,17005,5.9
598,17007,8.4
599,17009,5.1
600,17011,6.9
601,17013,5.7
602,17015,6.1
603,17017,8.8
604,17019,5.4
605,17021,5.0
606,17023,8.9
607,17025,5.9
608,17027,4.8
609,17029,7.4
610,17031,9.7
611,17033,6.7
612,17035,6.2
613,17037,9.4
614,17039,7.2
615,17041,5.3
616,17043,6.1
617,17045,9.4
618,17047,7.2
619,17049,4.9
620,17051,8.0
621,17053,7.5
622,17055,10.7
623,17057,7.8
624,17059,9.1
625,17061,7.9
626,17063,7.5
627,17065,4.3
628,17067,6.8
629,17069,18.1
630,17071,7.5
631,17073,5.3
632,17075,6.7
633,17077,9.0
634,17079,4.0
635,17081,9.4
636,17083,7.9
637,17085,4.9
638,17087,8.9
639,17089,6.9
640,17091,8.4
641,17093,5.3
642,17095,6.8
643,17097,7.0
644,17099,9.6
645,17101,5.6
646,17103,6.4
647,17105,6.1
648,17107,7.1
649,17109,9.3
650,17111,6.5
651,17113,4.7
652,17115,10.1
653,17117,9.4
654,17119,8.2
655,17121,9.1
656,17123,5.9
657,17125,10.1
658,17127,7.8
659,17129,5.7
660,17131,6.1
661,17133,4.6
662,17135,5.7
663,17137,7.2
664,17139,4.0
665,17141,6.5
666,17143,8.2
667,17145,6.6
668,17147,6.3
669,17149,6.6
670,17151,8.5
671,17153,11.9
672,17155,5.8
673,17157,5.2
674,17159,5.6
675,17161,7.7
676,17163,8.3
677,17165,12.4
678,17167,7.5
679,17169,6.2
680,17171,9.7
681,17173,5.4
682,17175,6.9
683,17177,8.5
684,17179,5.1
685,17181,6.3
686,17183,9.7
687,17185,8.6
688,17187,8.1
689,17189,5.4
690,17191,5.2
691,17193,8.5
692,17195,6.8
693,17197,6.8
694,17199,7.6
695,17201,10.5
696,17203,5.3
697,18001,5.5
698,18003,7.0
699,18005,5.2
700,18007,4.6
701,18009,8.3
702,18011,3.3
703,18013,5.6
704,18015,6.9
705,18017,7.6
706,18019,6.2
707,18021,6.4
708,18023,6.0
709,18025,6.3
710,18027,5.5
711,18029,7.1
712,18031,5.3
713,18033,6.2
714,18035,9.4
715,18037,2.9
716,18039,6.5
717,18041,9.2
718,18043,6.4
719,18045,8.0
720,18047,6.0
721,18049,6.0
722,18051,3.9
723,18053,8.1
724,18055,6.2
725,18057,3.5
726,18059,4.9
727,18061,6.7
728,18063,5.0
729,18065,8.4
730,18067,7.6
731,18069,5.2
732,18071,5.6
733,18073,6.4
734,18075,7.6
735,18077,7.4
736,18079,6.7
737,18081,5.5
738,18083,5.3
739,18085,5.3
740,18087,4.1
741,18089,9.6
742,18091,8.8
743,18093,5.6
744,18095,7.8
745,18097,9.0
746,18099,7.7
747,18101,5.4
748,18103,8.9
749,18105,6.6
750,18107,5.4
751,18109,6.4
752,18111,7.2
753,18113,7.0
754,18115,5.9
755,18117,5.5
756,18119,6.8
757,18121,7.0
758,18123,4.1
759,18125,3.9
760,18127,6.3
761,18129,4.6
762,18131,7.0
763,18133,6.5
764,18135,6.4
765,18137,6.6
766,18139,5.7
767,18141,7.5
768,18143,6.7
769,18145,7.7
770,18147,5.7
771,18149,9.5
772,18151,5.9
773,18153,5.6
774,18155,6.9
775,18157,6.2
776,18159,5.3
777,18161,5.4
778,18163,5.7
779,18165,6.2
780,18167,8.1
781,18169,5.9
782,18171,5.0
783,18173,4.5
784,18175,8.7
785,18177,7.3
786,18179,3.8
787,18181,5.4
788,18183,4.7
789,19001,2.8
790,19003,3.1
791,19005,4.7
792,19007,6.6
793,19009,2.8
794,19011,3.8
795,19013,6.3
796,19015,4.3
797,19017,3.2
798,19019,3.8
799,19021,4.5
800,19023,3.2
801,19025,2.7
802,19027,2.6
803,19029,3.3
804,19031,3.3
805,19033,4.1
806,19035,3.2
807,19037,3.2
808,19039,4.6
809,19041,3.3
810,19043,4.0
811,19045,4.6
812,19047,5.7
813,19049,2.2
814,19051,4.1
815,19053,5.8
816,19055,3.4
817,19057,5.7
818,19059,3.4
819,19061,4.0
820,19063,5.3
821,19065,4.3
822,19067,3.5
823,19069,5.4
824,19071,3.9
825,19073,5.8
826,19075,3.8
827,19077,3.3
828,19079,3.0
829,19081,1.8
830,19083,3.4
831,19085,2.8
832,19087,4.9
833,19089,3.7
834,19091,3.9
835,19093,3.6
836,19095,1.8
837,19097,4.8
838,19099,4.9
839,19101,6.6
840,19103,3.2
841,19105,4.5
842,19107,5.5
843,19109,1.8
844,19111,7.9
845,19113,4.2
846,19115,4.3
847,19117,5.1
848,19119,1.9
849,19121,4.8
850,19123,6.3
851,19125,3.9
852,19127,5.9
853,19129,3.9
854,19131,3.6
855,19133,4.1
856,19135,5.9
857,19137,8.4
858,19139,4.5
859,19141,2.7
860,19143,2.7
861,19145,4.3
862,19147,2.0
863,19149,3.6
864,19151,4.8
865,19153,5.2
866,19155,4.9
867,19157,4.3
868,19159,5.3
869,19161,3.9
870,19163,4.9
871,19165,3.3
872,19167,1.8
873,19169,5.2
874,19171,5.7
875,19173,3.3
876,19175,4.1
877,19177,3.7
878,19179,7.0
879,19181,5.2
880,19183,4.2
881,19185,3.0
882,19187,6.6
883,19189,6.6
884,19191,2.5
885,19193,5.0
886,19195,6.3
887,19197,6.2
888,20001,5.3
889,20003,3.7
890,20005,6.7
891,20007,3.2
892,20009,5.5
893,20011,2.5
894,20013,3.9
895,20015,5.3
896,20017,4.1
897,20019,6.2
898,20021,6.5
899,20023,1.7
900,20025,1.9
901,20027,3.1
902,20029,5.9
903,20031,4.8
904,20033,4.7
905,20035,6.2
906,20037,5.8
907,20039,2.8
908,20041,5.6
909,20043,5.1
910,20045,5.3
911,20047,1.6
912,20049,5.8
913,20051,3.4
914,20053,3.4
915,20055,4.8
916,20057,7.2
917,20059,6.0
918,20061,9.2
919,20063,1.8
920,20065,1.6
921,20067,5.0
922,20069,3.0
923,20071,1.2
924,20073,4.1
925,20075,1.8
926,20077,4.4
927,20079,3.7
928,20081,3.9
929,20083,1.4
930,20085,5.2
931,20087,7.1
932,20089,2.2
933,20091,4.1
934,20093,2.3
935,20095,5.5
936,20097,3.9
937,20099,5.3
938,20101,3.6
939,20103,5.0
940,20105,6.6
941,20107,6.6
942,20109,3.6
943,20111,6.6
944,20113,2.4
945,20115,4.7
946,20117,3.3
947,20119,2.4
948,20121,4.3
949,20123,2.8
950,20125,7.4
951,20127,2.7
952,20129,7.9
953,20131,1.8
954,20133,3.4
955,20135,3.3
956,20137,1.7
957,20139,7.9
958,20141,3.8
959,20143,4.2
960,20145,1.2
961,20147,3.0
962,20149,4.3
963,20151,5.3
964,20153,2.4
965,20155,5.2
966,20157,3.6
967,20159,5.4
968,20161,5.7
969,20163,4.1
970,20165,5.2
971,20167,6.5
972,20169,4.5
973,20171,4.8
974,20173,6.0
975,20175,8.5
976,20177,6.0
977,20179,1.4
978,20181,3.7
979,20183,3.6
980,20185,3.5
981,20187,1.1
982,20189,3.7
983,20191,6.0
984,20193,1.9
985,20195,1.4
986,20197,4.7
987,20199,6.6
988,20201,2.9
989,20203,2.6
990,20205,5.7
991,20207,5.7
992,20209,9.3
993,21001,5.8
994,21003,7.1
995,21005,7.4
996,21007,5.3
997,21009,7.6
998,21011,9.6
999,21013,10.6
1000,21015,5.3
1001,21017,7.7
1002,21019,8.5
1003,21021,5.6
1004,21023,8.8
1005,21025,12.0
1006,21027,10.3
1007,21029,6.7
1008,21031,5.4
1009,21033,8.0
1010,21035,6.9
1011,21037,5.8
1012,21039,7.9
1013,21041,10.9
1014,21043,10.8
1015,21045,9.3
1016,21047,10.4
1017,21049,6.9
1018,21051,11.7
1019,21053,8.9
1020,21055,6.1
1021,21057,7.2
1022,21059,6.5
1023,21061,10.1
1024,21063,7.6
1025,21065,13.7
1026,21067,6.4
1027,21069,9.9
1028,21071,11.2
1029,21073,7.8
1030,21075,10.5
1031,21077,6.0
1032,21079,8.9
1033,21081,6.2
1034,21083,8.4
1035,21085,6.9
1036,21087,7.5
1037,21089,9.5
1038,21091,6.6
1039,21093,7.6
1040,21095,10.3
1041,21097,6.9
1042,21099,6.9
1043,21101,6.4
1044,21103,6.4
1045,21105,7.2
1046,21107,6.4
1047,21109,12.8
1048,21111,7.2
1049,21113,8.0
1050,21115,10.2
1051,21117,6.5
1052,21119,14.8
1053,21121,13.3
1054,21123,7.7
1055,21125,9.9
1056,21127,8.8
1057,21129,13.8
1058,21131,17.0
1059,21133,12.9
1060,21135,6.8
1061,21137,10.7
1062,21139,5.1
1063,21141,7.4
1064,21143,5.8
1065,21145,5.1
1066,21147,17.6
1067,21149,7.4
1068,21151,7.7
1069,21153,12.6
1070,21155,8.7
1071,21157,6.8
1072,21159,18.6
1073,21161,6.6
1074,21163,9.0
1075,21165,10.7
1076,21167,9.3
1077,21169,7.1
1078,21171,9.0
1079,21173,8.9
1080,21175,8.5
1081,21177,8.4
1082,21179,7.1
1083,21181,7.8
1084,21183,10.7
1085,21185,4.1
1086,21187,8.5
1087,21189,8.4
1088,21191,5.6
1089,21193,15.2
1090,21195,10.2
1091,21197,7.4
1092,21199,9.2
1093,21201,5.8
1094,21203,11.2
1095,21205,6.3
1096,21207,10.6
1097,21209,5.3
1098,21211,4.9
1099,21213,5.5
1100,21215,6.7
1101,21217,8.8
1102,21219,7.9
1103,21221,10.1
1104,21223,15.0
1105,21225,8.4
1106,21227,6.8
1107,21229,5.8
1108,21231,12.8
1109,21233,7.1
1110,21235,9.8
1111,21237,10.2
1112,21239,4.3
1113,22001,9.1
1114,22003,9.3
1115,22005,5.9
1116,22007,8.2
1117,22009,8.5
1118,22011,7.0
1119,22013,10.0
1120,22015,5.7
1121,22017,7.1
1122,22019,7.4
1123,22021,10.9
1124,22023,3.5
1125,22025,7.3
1126,22027,14.4
1127,22029,9.7
1128,22031,9.8
1129,22033,7.0
1130,22035,11.5
1131,22037,6.1
1132,22039,11.2
1133,22041,10.1
1134,22043,8.4
1135,22045,11.2
1136,22047,7.2
1137,22049,5.6
1138,22051,6.4
1139,22053,8.5
1140,22055,5.1
1141,22057,7.3
1142,22059,5.2
1143,22061,10.4
1144,22063,6.2
1145,22065,14.1
1146,22067,8.1
1147,22069,12.1
1148,22071,9.8
1149,22073,7.8
1150,22075,3.9
1151,22077,8.8
1152,22079,8.0
1153,22081,8.0
1154,22083,10.7
1155,22085,9.8
1156,22087,11.1
1157,22089,8.2
1158,22091,14.3
1159,22093,8.4
1160,22095,8.2
1161,22097,5.8
1162,22099,7.0
1163,22101,10.9
1164,22103,7.3
1165,22105,9.8
1166,22107,15.0
1167,22109,5.3
1168,22111,6.6
1169,22113,8.2
1170,22115,8.2
1171,22117,13.1
1172,22119,8.3
1173,22121,6.6
1174,22123,11.1
1175,22125,10.5
1176,22127,7.4
1177,23001,5.8
1178,23003,6.2
1179,23005,4.6
1180,23007,6.9
1181,23009,6.4
1182,23011,7.0
1183,23013,5.6
1184,23015,3.6
1185,23017,7.4
1186,23019,7.3
1187,23021,10.0
1188,23023,5.1
1189,23025,9.2
1190,23027,7.2
1191,23029,8.6
1192,23031,5.1
1193,24001,9.4
1194,24003,5.5
1195,24005,6.0
1196,24009,7.8
1197,24011,7.5
1198,24013,4.5
1199,24015,6.6
1200,24017,5.0
1201,24019,10.1
1202,24021,5.3
1203,24023,5.6
1204,24025,6.0
1205,24027,4.6
1206,24029,5.6
1207,24031,5.8
1208,24033,8.0
1209,24035,4.3
1210,24037,4.4
1211,24039,8.4
1212,24041,6.0
1213,24043,7.5
1214,24045,7.7
1215,24047,7.7
1216,24510,11.4
1217,25001,6.3
1218,25003,8.2
1219,25005,8.1
1220,25007,4.3
1221,25009,7.0
1222,25011,6.1
1223,25013,8.8
1224,25015,7.1
1225,25017,5.4
1226,25019,3.4
1227,25021,6.3
1228,25023,6.9
1229,25025,7.9
1230,25027,6.7
1231,26001,10.3
1232,26003,7.6
1233,26005,4.7
1234,26007,7.8
1235,26009,7.8
1236,26011,10.8
1237,26013,6.8
1238,26015,6.2
1239,26017,8.2
1240,26019,7.6
1241,26021,7.8
1242,26023,5.5
1243,26025,8.5
1244,26027,8.9
1245,26029,7.5
1246,26031,12.6
1247,26033,10.1
1248,26035,12.5
1249,26037,5.3
1250,26039,10.9
1251,26041,7.5
1252,26043,6.9
1253,26045,6.7
1254,26047,7.5
1255,26049,12.0
1256,26051,9.3
1257,26053,8.5
1258,26055,5.8
1259,26057,8.0
1260,26059,7.6
1261,26061,7.4
1262,26063,6.6
1263,26065,8.9
1264,26067,8.2
1265,26069,11.5
1266,26071,7.7
1267,26073,9.9
1268,26075,8.9
1269,26077,7.3
1270,26079,8.9
1271,26081,6.3
1272,26083,6.6
1273,26085,12.1
1274,26087,9.2
1275,26089,6.6
1276,26091,7.4
1277,26093,5.5
1278,26095,13.4
1279,26097,11.2
1280,26099,7.5
1281,26101,10.7
1282,26103,7.2
1283,26105,9.8
1284,26107,10.7
1285,26109,7.1
1286,26111,7.6
1287,26113,8.8
1288,26115,7.0
1289,26117,8.6
1290,26119,13.8
1291,26121,10.4
1292,26123,8.9
1293,26125,6.3
1294,26127,8.3
1295,26129,10.8
1296,26131,12.0
1297,26133,8.8
1298,26135,10.3
1299,26137,6.8
1300,26139,5.3
1301,26141,12.4
1302,26143,14.0
1303,26145,9.5
1304,26147,9.1
1305,26149,6.6
1306,26151,9.2
1307,26153,12.1
1308,26155,8.8
1309,26157,8.4
1310,26159,7.6
1311,26161,6.3
1312,26163,13.0
1313,26165,8.2
1314,27001,7.0
1315,27003,4.9
1316,27005,3.7
1317,27007,10.3
1318,27009,5.0
1319,27011,2.3
1320,27013,4.9
1321,27015,2.7
1322,27017,4.3
1323,27019,3.0
1324,27021,6.3
1325,27023,2.2
1326,27025,5.4
1327,27027,3.1
1328,27029,7.3
1329,27031,2.4
1330,27033,4.8
1331,27035,4.3
1332,27037,4.4
1333,27039,3.3
1334,27041,4.0
1335,27043,3.1
1336,27045,3.5
1337,27047,4.6
1338,27049,4.7
1339,27051,4.5
1340,27053,5.1
1341,27055,4.0
1342,27057,4.4
1343,27059,6.1
1344,27061,6.0
1345,27063,3.3
1346,27065,7.5
1347,27067,3.8
1348,27069,2.7
1349,27071,7.5
1350,27073,3.4
1351,27075,4.1
1352,27077,3.9
1353,27079,4.3
1354,27081,3.2
1355,27083,4.3
1356,27085,3.8
1357,27087,10.1
1358,27089,4.0
1359,27091,3.2
1360,27093,3.9
1361,27095,6.4
1362,27097,4.5
1363,27099,5.8
1364,27101,4.2
1365,27103,3.5
1366,27105,7.0
1367,27107,3.4
1368,27109,4.2
1369,27111,4.0
1370,27113,3.3
1371,27115,6.6
1372,27117,4.2
1373,27119,4.0
1374,27121,3.7
1375,27123,6.5
1376,27125,4.0
1377,27127,3.5
1378,27129,3.4
1379,27131,4.3
1380,27133,2.1
1381,27135,2.1
1382,27137,5.8
1383,27139,4.0
1384,27141,4.1
1385,27143,4.2
1386,27145,4.8
1387,27147,4.3
1388,27149,3.0
1389,27151,3.3
1390,27153,4.3
1391,27155,4.4
1392,27157,3.4
1393,27159,5.2
1394,27161,4.7
1395,27163,4.0
1396,27165,2.7
1397,27167,2.0
1398,27169,5.7
1399,27171,4.4
1400,27173,3.1
1401,28001,10.1
1402,28003,7.7
1403,28005,10.6
1404,28007,11.4
1405,28009,13.8
1406,28011,14.4
1407,28013,9.7
1408,28015,8.9
1409,28017,10.9
1410,28019,13.3
1411,28021,20.9
1412,28023,10.6
1413,28025,13.8
1414,28027,21.1
1415,28029,14.7
1416,28031,13.1
1417,28033,6.7
1418,28035,12.5
1419,28037,10.0
1420,28039,8.8
1421,28041,10.4
1422,28043,9.6
1423,28045,8.8
1424,28047,9.6
1425,28049,10.5
1426,28051,18.9
1427,28053,25.1
1428,28055,10.7
1429,28057,7.2
1430,28059,8.7
1431,28061,6.5
1432,28063,11.9
1433,28065,14.5
1434,28067,7.5
1435,28069,9.3
1436,28071,7.3
1437,28073,8.5
1438,28075,9.0
1439,28077,10.1
1440,28079,9.9
1441,28081,7.0
1442,28083,13.1
1443,28085,8.0
1444,28087,11.5
1445,28089,5.5
1446,28091,8.8
1447,28093,7.5
1448,28095,9.4
1449,28097,8.3
1450,28099,8.3
1451,28101,9.2
1452,28103,15.0
1453,28105,11.0
1454,28107,9.2
1455,28109,11.3
1456,28111,10.4
1457,28113,9.4
1458,28115,7.0
1459,28117,9.1
1460,28119,26.1
1461,28121,5.0
1462,28123,12.0
1463,28125,23.2
1464,28127,10.7
1465,28129,3.9
1466,28131,8.4
1467,28133,19.7
1468,28135,13.5
1469,28137,8.2
1470,28139,10.6
1471,28141,10.0
1472,28143,10.9
1473,28145,9.0
1474,28147,8.5
1475,28149,7.2
1476,28151,19.7
1477,28153,9.8
1478,28155,10.0
1479,28157,9.8
1480,28159,11.4
1481,28161,5.2
1482,28163,17.9
1483,29001,6.5
1484,29003,4.4
1485,29005,3.9
1486,29007,7.9
1487,29009,10.7
1488,29011,5.7
1489,29013,5.6
1490,29015,9.8
1491,29017,4.4
1492,29019,4.6
1493,29021,6.5
1494,29023,9.6
1495,29025,4.4
1496,29027,5.6
1497,29029,8.8
1498,29031,5.9
1499,29033,8.6
1500,29035,9.5
1501,29037,5.7
1502,29039,10.0
1503,29041,3.7
1504,29043,6.3
1505,29045,4.4
1506,29047,5.2
1507,29049,5.0
1508,29051,5.0
1509,29053,5.4
1510,29055,11.9
1511,29057,8.2
1512,29059,10.8
1513,29061,4.7
1514,29063,5.5
1515,29065,8.1
1516,29067,6.8
1517,29069,7.9
1518,29071,5.9
1519,29073,5.1
1520,29075,5.5
1521,29077,5.8
1522,29079,4.5
1523,29081,3.6
1524,29083,6.9
1525,29085,11.6
1526,29087,4.5
1527,29089,4.6
1528,29091,6.8
1529,29093,10.3
1530,29095,6.7
1531,29097,6.0
1532,29099,7.4
1533,29101,7.3
1534,29103,6.1
1535,29105,8.4
1536,29107,5.7
1537,29109,7.0
1538,29111,4.8
1539,29113,8.1
1540,29115,3.7
1541,29117,4.3
1542,29119,6.0
1543,29121,8.5
1544,29123,6.1
1545,29125,9.2
1546,29127,6.0
1547,29129,4.6
1548,29131,6.8
1549,29133,10.8
1550,29135,4.6
1551,29137,5.7
1552,29139,7.4
1553,29141,9.5
1554,29143,11.5
1555,29145,5.9
1556,29147,5.4
1557,29149,5.5
1558,29151,3.0
1559,29153,9.6
1560,29155,11.1
1561,29157,4.3
1562,29159,6.5
1563,29161,6.2
1564,29163,5.6
1565,29165,4.6
1566,29167,8.9
1567,29169,10.8
1568,29171,2.7
1569,29173,6.6
1570,29175,7.5
1571,29177,8.0
1572,29179,8.8
1573,29181,7.9
1574,29183,4.2
1575,29185,8.6
1576,29186,4.4
1577,29187,7.3
1578,29189,6.7
1579,29195,4.8
1580,29197,6.0
1581,29199,4.9
1582,29201,6.4
1583,29203,8.4
1584,29205,5.8
1585,29207,8.0
1586,29209,8.2
1587,29211,4.0
1588,29213,7.5
1589,29215,7.4
1590,29217,4.6
1591,29219,6.6
1592,29221,10.9
1593,29223,9.1
1594,29225,5.6
1595,29227,4.2
1596,29229,9.1
1597,29510,10.6
1598,30001,6.9
1599,30003,16.8
1600,30005,14.2
1601,30007,5.6
1602,30009,3.7
1603,30011,2.7
1604,30013,5.0
1605,30015,3.4
1606,30017,2.2
1607,30019,2.0
1608,30021,2.2
1609,30023,3.7
1610,30025,2.9
1611,30027,3.0
1612,30029,6.5
1613,30031,5.3
1614,30033,0.0
1615,30035,10.8
1616,30037,2.5
1617,30039,7.4
1618,30041,5.3
1619,30043,6.2
1620,30045,2.9
1621,30047,8.8
1622,30049,4.1
1623,30051,5.5
1624,30053,11.6
1625,30055,0.9
1626,30057,4.1
1627,30059,3.0
1628,30061,6.9
1629,30063,7.0
1630,30065,5.8
1631,30067,4.0
1632,30069,3.9
1633,30071,7.3
1634,30073,8.5
1635,30075,4.3
1636,30077,1.5
1637,30079,6.9
1638,30081,7.7
1639,30083,2.5
1640,30085,6.2
1641,30087,9.6
1642,30089,9.3
1643,30091,2.6
1644,30093,7.0
1645,30095,3.8
1646,30097,0.4
1647,30099,5.5
1648,30101,1.0
1649,30103,0.0
1650,30105,4.6
1651,30107,2.8
1652,30109,2.7
1653,30111,3.7
1654,31001,5.4
1655,31003,1.8
1656,31005,3.7
1657,31007,7.3
1658,31009,1.0
1659,31011,1.5
1660,31013,4.2
1661,31015,1.0
1662,31017,0.4
1663,31019,3.3
1664,31021,2.8
1665,31023,4.5
1666,31025,3.5
1667,31027,1.8
1668,31029,1.5
1669,31031,2.3
1670,31033,2.4
1671,31035,2.8
1672,31037,5.4
1673,31039,2.5
1674,31041,2.3
1675,31043,6.8
1676,31045,1.9
1677,31047,4.7
1678,31049,4.7
1679,31051,3.4
1680,31053,4.3
1681,31055,4.9
1682,31057,3.7
1683,31059,2.7
1684,31061,3.4
1685,31063,2.6
1686,31065,3.7
1687,31067,3.6
1688,31069,2.3
1689,31071,3.0
1690,31073,4.6
1691,31075,4.9
1692,31077,1.6
1693,31079,5.3
1694,31081,2.1
1695,31083,1.9
1696,31085,1.7
1697,31087,2.8
1698,31089,1.3
1699,31091,1.9
1700,31093,3.3
1701,31095,3.2
1702,31097,3.3
1703,31099,3.6
1704,31101,4.0
1705,31103,0.7
1706,31105,5.4
1707,31107,3.0
1708,31109,4.4
1709,31111,3.1
1710,31113,0.9
1711,31115,0.3
1712,31117,0.0
1713,31119,3.1
1714,31121,5.3
1715,31123,3.5
1716,31125,3.2
1717,31127,6.5
1718,31129,2.9
1719,31131,3.8
1720,31133,3.0
1721,31135,1.9
1722,31137,1.2
1723,31139,4.0
1724,31141,4.6
1725,31143,3.9
1726,31145,5.0
1727,31147,4.6
1728,31149,1.6
1729,31151,3.4
1730,31153,3.7
1731,31155,2.9
1732,31157,5.3
1733,31159,3.5
1734,31161,2.1
1735,31163,2.2
1736,31165,0.0
1737,31167,3.3
1738,31169,1.4
1739,31171,1.8
1740,31173,15.3
1741,31175,1.8
1742,31177,1.5
1743,31179,2.3
1744,31181,3.0
1745,31183,0.6
1746,31185,1.4
1747,32001,11.7
1748,32003,9.6
1749,32005,7.5
1750,32007,4.9
1751,32009,11.4
1752,32011,3.8
1753,32013,7.7
1754,32015,7.9
1755,32017,9.1
1756,32019,11.8
1757,32021,13.0
1758,32023,14.1
1759,32027,3.5
1760,32029,4.1
1761,32031,8.0
1762,32033,7.9
1763,32510,9.5
1764,33001,5.1
1765,33003,5.1
1766,33005,5.0
1767,33007,6.7
1768,33009,4.6
1769,33011,5.2
1770,33013,4.8
1771,33015,4.9
1772,33017,5.5
1773,33019,4.5
1774,34001,11.8
1775,34003,5.8
1776,34005,7.9
1777,34007,8.8
1778,34009,9.2
1779,34011,9.9
1780,34013,12.1
1781,34015,8.1
1782,34017,8.1
1783,34019,5.3
1784,34021,8.6
1785,34023,7.0
1786,34025,6.8
1787,34027,5.6
1788,34029,7.6
1789,34031,7.0
1790,34033,9.4
1791,34035,5.4
1792,34037,7.2
1793,34039,8.5
1794,34041,8.3
1795,35001,7.3
1796,35003,4.0
1797,35005,7.1
1798,35006,16.3
1799,35007,11.5
1800,35009,8.9
1801,35011,6.6
1802,35013,10.6
1803,35015,5.5
1804,35017,9.3
1805,35019,0.3
1806,35021,6.0
1807,35023,11.4
1808,35025,6.6
1809,35027,6.7
1810,35028,2.6
1811,35029,14.1
1812,35031,15.7
1813,35033,2.9
1814,35035,11.0
1815,35037,2.7
1816,35039,9.5
1817,35041,11.1
1818,35043,8.5
1819,35045,9.9
1820,35047,4.9
1821,35049,6.7
1822,35051,10.0
1823,35053,5.8
1824,35055,9.7
1825,35057,9.6
1826,35059,3.1
1827,35061,10.7
1828,36001,5.8
1829,36003,8.1
1830,36005,12.7
1831,36007,7.4
1832,36009,7.5
1833,36011,6.9
1834,36013,7.9
1835,36015,5.6
1836,36017,7.0
1837,36019,6.6
1838,36021,5.5
1839,36023,5.2
1840,36025,8.3
1841,36027,7.6
1842,36029,6.1
1843,36031,7.5
1844,36033,8.5
1845,36035,8.0
1846,36037,5.4
1847,36039,7.8
1848,36041,9.2
1849,36043,8.8
1850,36045,9.4
1851,36047,9.0
1852,36049,7.9
1853,36051,5.1
1854,36053,4.9
1855,36055,7.3
1856,36057,8.4
1857,36059,5.8
1858,36061,6.9
1859,36063,7.1
1860,36065,6.9
1861,36067,6.8
1862,36069,5.5
1863,36071,6.7
1864,36073,7.4
1865,36075,9.1
1866,36077,6.9
1867,36079,6.2
1868,36081,7.8
1869,36083,6.8
1870,36085,6.2
1871,36087,7.0
1872,36089,10.0
1873,36091,5.4
1874,36093,7.4
1875,36095,10.1
1876,36097,7.3
1877,36099,5.3
1878,36101,7.6
1879,36103,6.1
1880,36105,10.1
1881,36107,6.7
1882,36109,5.4
1883,36111,8.5
1884,36113,6.0
1885,36115,8.1
1886,36117,7.0
1887,36119,7.1
1888,36121,7.1
1889,36123,7.2
1890,37001,6.9
1891,37003,8.4
1892,37005,6.6
1893,37007,14.4
1894,37009,7.6
1895,37011,8.0
1896,37013,9.9
1897,37015,14.2
1898,37017,9.0
1899,37019,9.7
1900,37021,6.0
1901,37023,10.8
1902,37025,7.9
1903,37027,10.5
1904,37029,11.0
1905,37031,9.2
1906,37033,10.4
1907,37035,7.9
1908,37037,7.8
1909,37039,7.7
1910,37041,13.4
1911,37043,10.3
1912,37045,12.2
1913,37047,8.5
1914,37049,9.9
1915,37051,11.4
1916,37053,6.2
1917,37055,5.9
1918,37057,10.0
1919,37059,6.4
1920,37061,10.5
1921,37063,6.3
1922,37065,12.5
1923,37067,8.4
1924,37069,8.2
1925,37071,9.7
1926,37073,9.7
1927,37075,9.5
1928,37077,6.9
1929,37079,10.5
1930,37081,7.6
1931,37083,11.6
1932,37085,10.0
1933,37087,6.0
1934,37089,4.7
1935,37091,11.8
1936,37093,11.6
1937,37095,14.3
1938,37097,8.6
1939,37099,5.1
1940,37101,7.6
1941,37103,11.5
1942,37105,9.4
1943,37107,12.5
1944,37109,8.9
1945,37111,9.8
1946,37113,5.8
1947,37115,7.2
1948,37117,13.1
1949,37119,7.9
1950,37121,6.6
1951,37123,8.8
1952,37125,7.3
1953,37127,9.5
1954,37129,7.7
1955,37131,12.7
1956,37133,11.8
1957,37135,5.9
1958,37137,9.0
1959,37139,8.5
1960,37141,9.9
1961,37143,10.6
1962,37145,13.1
1963,37147,11.5
1964,37149,7.8
1965,37151,7.0
1966,37153,11.6
1967,37155,10.8
1968,37157,9.5
1969,37159,10.6
1970,37161,10.1
1971,37163,9.4
1972,37165,13.4
1973,37167,10.3
1974,37169,7.5
1975,37171,6.1
1976,37173,7.0
1977,37175,6.7
1978,37177,12.9
1979,37179,6.8
1980,37181,11.1
1981,37183,5.7
1982,37185,9.9
1983,37187,16.0
1984,37189,8.8
1985,37191,11.8
1986,37193,9.7
1987,37195,8.4
1988,37197,6.8
1989,37199,9.5
1990,38001,2.0
1991,38003,2.8
1992,38005,6.1
1993,38007,3.0
1994,38009,2.3
1995,38011,2.2
1996,38013,1.9
1997,38015,2.2
1998,38017,2.9
1999,38019,1.1
2000,38021,2.5
2001,38023,1.6
2002,38025,3.8
2003,38027,2.1
2004,38029,3.4
2005,38031,1.2
2006,38033,0.4
2007,38035,3.5
2008,38037,2.7
2009,38039,1.6
2010,38041,2.5
2011,38043,1.6
2012,38045,1.8
2013,38047,1.8
2014,38049,2.6
2015,38051,1.1
2016,38053,3.7
2017,38055,1.5
2018,38057,2.6
2019,38059,2.2
2020,38061,4.2
2021,38063,0.8
2022,38065,2.2
2023,38067,3.1
2024,38069,1.6
2025,38071,1.1
2026,38073,2.3
2027,38075,0.9
2028,38077,2.8
2029,38079,5.1
2030,38081,0.9
2031,38083,3.9
2032,38085,19.7
2033,38087,0.0
2034,38089,3.2
2035,38091,4.1
2036,38093,2.6
2037,38095,5.2
2038,38097,2.6
2039,38099,3.3
2040,38101,2.4
2041,38103,2.2
2042,38105,2.0
2043,39001,9.9
2044,39003,7.6
2045,39005,5.7
2046,39007,8.1
2047,39009,9.4
2048,39011,4.0
2049,39013,7.8
2050,39015,8.0
2051,39017,6.1
2052,39019,6.7
2053,39021,7.2
2054,39023,8.9
2055,39025,5.0
2056,39027,6.6
2057,39029,8.4
2058,39031,6.4
2059,39033,7.7
2060,39035,9.7
2061,39037,6.1
2062,39039,6.8
2063,39041,2.7
2064,39043,7.7
2065,39045,6.0
2066,39047,6.9
2067,39049,6.3
2068,39051,6.2
2069,39053,7.2
2070,39055,4.0
2071,39057,6.5
2072,39059,9.3
2073,39061,7.9
2074,39063,5.5
2075,39065,8.2
2076,39067,4.6
2077,39069,5.3
2078,39071,9.6
2079,39073,9.1
2080,39075,3.4
2081,39077,6.7
2082,39079,11.2
2083,39081,8.3
2084,39083,6.1
2085,39085,5.3
2086,39087,7.6
2087,39089,6.6
2088,39091,5.9
2089,39093,8.2
2090,39095,9.6
2091,39097,6.4
2092,39099,8.9
2093,39101,8.0
2094,39103,4.1
2095,39105,11.2
2096,39107,4.7
2097,39109,6.4
2098,39111,6.5
2099,39113,8.7
2100,39115,8.4
2101,39117,5.4
2102,39119,7.6
2103,39121,6.9
2104,39123,5.3
2105,39125,6.1
2106,39127,9.6
2107,39129,6.0
2108,39131,11.1
2109,39133,7.9
2110,39135,6.6
2111,39137,2.9
2112,39139,8.3
2113,39141,9.9
2114,39143,6.3
2115,39145,9.0
2116,39147,6.8
2117,39149,5.8
2118,39151,7.6
2119,39153,7.3
2120,39155,6.9
2121,39157,5.7
2122,39159,3.7
2123,39161,5.8
2124,39163,10.7
2125,39165,5.0
2126,39167,4.7
2127,39169,4.3
2128,39171,5.8
2129,39173,6.3
2130,39175,5.5
2131,40001,6.0
2132,40003,4.2
2133,40005,9.0
2134,40007,3.0
2135,40009,3.3
2136,40011,2.7
2137,40013,7.2
2138,40015,8.3
2139,40017,4.3
2140,40019,6.1
2141,40021,7.6
2142,40023,9.1
2143,40025,2.0
2144,40027,4.9
2145,40029,9.0
2146,40031,9.0
2147,40033,9.4
2148,40035,5.3
2149,40037,4.8
2150,40039,3.5
2151,40041,8.1
2152,40043,2.6
2153,40045,5.5
2154,40047,4.9
2155,40049,4.1
2156,40051,4.1
2157,40053,3.7
2158,40055,6.2
2159,40057,9.0
2160,40059,1.9
2161,40061,8.6
2162,40063,8.1
2163,40065,5.5
2164,40067,7.3
2165,40069,7.2
2166,40071,7.4
2167,40073,3.6
2168,40075,5.9
2169,40077,8.6
2170,40079,7.9
2171,40081,6.1
2172,40083,5.7
2173,40085,3.7
2174,40087,4.0
2175,40089,6.6
2176,40091,10.3
2177,40093,5.9
2178,40095,5.7
2179,40097,6.5
2180,40099,3.1
2181,40101,7.6
2182,40103,4.8
2183,40105,8.1
2184,40107,10.4
2185,40109,5.6
2186,40111,10.5
2187,40113,6.8
2188,40115,8.1
2189,40117,6.1
2190,40119,5.8
2191,40121,5.8
2192,40123,6.0
2193,40125,7.1
2194,40127,9.5
2195,40129,1.5
2196,40131,5.2
2197,40133,7.9
2198,40135,8.8
2199,40137,6.8
2200,40139,2.9
2201,40141,5.4
2202,40143,6.2
2203,40145,6.2
2204,40147,4.8
2205,40149,3.0
2206,40151,2.6
2207,40153,4.3
2208,41001,8.8
2209,41003,7.8
2210,41005,6.7
2211,41007,6.9
2212,41009,8.6
2213,41011,10.7
2214,41013,11.3
2215,41015,11.0
2216,41017,7.1
2217,41019,10.9
2218,41021,10.6
2219,41023,7.4
2220,41025,14.3
2221,41027,4.8
2222,41029,8.9
2223,41031,13.3
2224,41033,10.8
2225,41035,11.3
2226,41037,8.9
2227,41039,8.7
2228,41041,6.6
2229,41043,9.8
2230,41045,9.6
2231,41047,9.1
2232,41049,5.9
2233,41051,7.8
2234,41053,9.8
2235,41055,7.2
2236,41057,7.4
2237,41059,9.1
2238,41061,6.6
2239,41063,7.7
2240,41065,7.2
2241,41067,6.6
2242,41069,10.5
2243,41071,8.2
2244,42001,5.5
2245,42003,6.4
2246,42005,7.7
2247,42007,6.1
2248,42009,6.2
2249,42011,8.2
2250,42013,5.8
2251,42015,5.4
2252,42017,6.2
2253,42019,5.2
2254,42021,8.3
2255,42023,4.9
2256,42025,8.0
2257,42027,4.9
2258,42029,5.3
2259,42031,7.1
2260,42033,8.1
2261,42035,6.6
2262,42037,5.3
2263,42039,6.8
2264,42041,5.1
2265,42043,6.2
2266,42045,7.5
2267,42047,5.1
2268,42049,7.1
2269,42051,7.8
2270,42053,4.5
2271,42055,6.4
2272,42057,6.0
2273,42059,7.0
2274,42061,7.3
2275,42063,7.7
2276,42065,5.2
2277,42067,5.3
2278,42069,6.5
2279,42071,5.5
2280,42073,6.5
2281,42075,6.5
2282,42077,7.7
2283,42079,7.6
2284,42081,7.3
2285,42083,7.9
2286,42085,6.2
2287,42087,5.2
2288,42089,10.3
2289,42091,5.9
2290,42093,5.3
2291,42095,6.7
2292,42097,6.8
2293,42099,5.2
2294,42101,12.5
2295,42103,9.9
2296,42105,5.8
2297,42107,8.0
2298,42109,4.4
2299,42111,6.7
2300,42113,8.9
2301,42115,7.4
2302,42117,6.8
2303,42119,4.9
2304,42121,8.0
2305,42123,5.8
2306,42125,6.2
2307,42127,7.4
2308,42129,5.3
2309,42131,7.0
2310,42133,6.2
2311,44001,5.0
2312,44003,7.3
2313,44005,6.5
2314,44007,8.5
2315,44009,6.6
2316,45001,9.4
2317,45003,10.1
2318,45005,17.7
2319,45007,8.1
2320,45009,9.2
2321,45011,10.8
2322,45013,6.6
2323,45015,8.0
2324,45017,8.5
2325,45019,6.7
2326,45021,8.7
2327,45023,11.5
2328,45025,9.5
2329,45027,15.4
2330,45029,10.5
2331,45031,15.7
2332,45033,9.5
2333,45035,6.7
2334,45037,7.0
2335,45039,10.8
2336,45041,10.5
2337,45043,9.5
2338,45045,6.4
2339,45047,11.4
2340,45049,9.6
2341,45051,8.0
2342,45053,10.0
2343,45055,8.3
2344,45057,9.9
2345,45059,9.0
2346,45061,11.9
2347,45063,6.9
2348,45065,13.9
2349,45067,12.0
2350,45069,15.5
2351,45071,8.6
2352,45073,8.6
2353,45075,11.3
2354,45077,8.0
2355,45079,8.5
2356,45081,7.6
2357,45083,7.6
2358,45085,12.5
2359,45087,9.9
2360,45089,10.3
2361,45091,7.8
2362,46003,1.7
2363,46005,2.9
2364,46007,16.5
2365,46009,0.9
2366,46011,3.5
2367,46013,2.2
2368,46015,2.4
2369,46017,14.4
2370,46019,1.8
2371,46021,0.9
2372,46023,5.4
2373,46025,3.7
2374,46027,6.2
2375,46029,2.8
2376,46031,29.9
2377,46033,4.6
2378,46035,3.9
2379,46037,1.9
2380,46039,2.1
2381,46041,24.6
2382,46043,0.3
2383,46045,2.0
2384,46047,2.8
2385,46049,0.6
2386,46051,3.1
2387,46053,1.5
2388,46055,2.7
2389,46057,2.2
2390,46059,1.9
2391,46061,0.3
2392,46063,1.4
2393,46065,2.3
2394,46067,5.0
2395,46069,2.2
2396,46071,15.9
2397,46073,0.7
2398,46075,2.3
2399,46077,2.1
2400,46079,3.9
2401,46081,3.3
2402,46083,1.9
2403,46085,7.0
2404,46087,2.4
2405,46089,5.9
2406,46091,1.8
2407,46093,1.5
2408,46095,9.1
2409,46097,4.2
2410,46099,3.7
2411,46101,6.8
2412,46102,28.1
2413,46103,4.8
2414,46105,4.0
2415,46107,0.9
2416,46109,7.2
2417,46111,2.9
2418,46115,1.5
2419,46117,1.3
2420,46119,0.7
2421,46121,21.2
2422,46123,0.6
2423,46125,2.3
2424,46127,2.7
2425,46129,3.4
2426,46135,2.9
2427,46137,27.0
2428,47001,7.4
2429,47003,6.1
2430,47005,11.1
2431,47007,9.3
2432,47009,6.5
2433,47011,9.3
2434,47013,8.7
2435,47015,9.9
2436,47017,8.5
2437,47019,7.1
2438,47021,6.6
2439,47023,10.7
2440,47025,8.4
2441,47027,8.5
2442,47029,10.0
2443,47031,7.0
2444,47033,6.8
2445,47035,8.8
2446,47037,6.2
2447,47039,8.3
2448,47041,7.0
2449,47043,5.6
2450,47045,8.1
2451,47047,8.4
2452,47049,8.4
2453,47051,8.5
2454,47053,8.0
2455,47055,7.1
2456,47057,8.2
2457,47059,8.0
2458,47061,11.3
2459,47063,8.7
2460,47065,6.9
2461,47067,12.9
2462,47069,18.2
2463,47071,12.2
2464,47073,8.9
2465,47075,7.2
2466,47077,9.4
2467,47079,7.9
2468,47081,7.4
2469,47083,7.4
2470,47085,8.0
2471,47087,10.6
2472,47089,7.8
2473,47091,6.7
2474,47093,6.2
2475,47095,12.2
2476,47097,11.4
2477,47099,8.8
2478,47101,4.8
2479,47103,7.7
2480,47105,7.5
2481,47107,8.6
2482,47109,14.8
2483,47111,6.8
2484,47113,7.3
2485,47115,6.5
2486,47117,8.4
2487,47119,7.1
2488,47121,12.5
2489,47123,11.5
2490,47125,8.2
2491,47127,5.8
2492,47129,8.6
2493,47131,10.8
2494,47133,7.1
2495,47135,7.1
2496,47137,6.0
2497,47139,9.0
2498,47141,7.7
2499,47143,8.0
2500,47145,9.3
2501,47147,7.4
2502,47149,6.1
2503,47151,13.4
2504,47153,9.1
2505,47155,6.4
2506,47157,9.4
2507,47159,4.2
2508,47161,8.7
2509,47163,7.7
2510,47165,5.3
2511,47167,9.4
2512,47169,8.0
2513,47171,11.5
2514,47173,9.1
2515,47175,11.7
2516,47177,7.8
2517,47179,5.7
2518,47181,8.4
2519,47183,10.0
2520,47185,10.5
2521,47187,3.7
2522,47189,5.4
2523,48001,4.3
2524,48003,5.2
2525,48005,8.3
2526,48007,7.5
2527,48009,3.3
2528,48011,1.6
2529,48013,7.2
2530,48015,5.8
2531,48017,2.1
2532,48019,4.1
2533,48021,8.6
2534,48023,1.4
2535,48025,6.1
2536,48027,8.7
2537,48029,6.7
2538,48031,6.1
2539,48033,1.1
2540,48035,6.4
2541,48037,8.1
2542,48039,5.2
2543,48041,5.7
2544,48043,7.0
2545,48045,5.9
2546,48047,12.9
2547,48049,4.1
2548,48051,6.1
2549,48053,4.6
2550,48055,4.5
2551,48057,6.3
2552,48059,3.8
2553,48061,9.4
2554,48063,6.6
2555,48065,2.2
2556,48067,8.8
2557,48069,4.8
2558,48071,6.4
2559,48073,6.0
2560,48075,6.3
2561,48077,6.7
2562,48079,7.0
2563,48081,4.3
2564,48083,6.0
2565,48085,4.5
2566,48087,4.9
2567,48089,3.3
2568,48091,4.5
2569,48093,5.2
2570,48095,1.9
2571,48097,6.5
2572,48099,9.2
2573,48101,11.6
2574,48103,3.3
2575,48105,2.8
2576,48107,9.5
2577,48109,4.6
2578,48111,4.8
2579,48113,6.7
2580,48115,7.4
2581,48117,4.9
2582,48119,9.4
2583,48121,5.1
2584,48123,6.7
2585,48125,11.8
2586,48127,12.8
2587,48129,4.9
2588,48131,11.5
2589,48133,5.0
2590,48135,6.4
2591,48137,3.9
2592,48139,5.5
2593,48141,7.9
2594,48143,4.1
2595,48145,6.2
2596,48147,6.4
2597,48149,1.7
2598,48151,6.8
2599,48153,7.6
2600,48155,9.3
2601,48157,5.4
2602,48159,6.5
2603,48161,5.5
2604,48163,6.9
2605,48165,4.5
2606,48167,7.2
2607,48169,2.9
2608,48171,5.9
2609,48173,2.7
2610,48175,9.8
2611,48177,6.5
2612,48179,5.3
2613,48181,7.5
2614,48183,5.8
2615,48185,5.9
2616,48187,5.2
2617,48189,6.5
2618,48191,9.1
2619,48193,4.9
2620,48195,2.5
2621,48197,5.7
2622,48199,4.8
2623,48201,7.0
2624,48203,8.3
2625,48205,1.6
2626,48207,9.6
2627,48209,6.1
2628,48211,4.5
2629,48213,6.9
2630,48215,9.0
2631,48217,8.9
2632,48219,7.2
2633,48221,3.2
2634,48223,6.0
2635,48225,4.9
2636,48227,6.6
2637,48229,5.6
2638,48231,9.7
2639,48233,4.9
2640,48235,3.3
2641,48237,4.7
2642,48239,5.1
2643,48241,10.4
2644,48243,4.8
2645,48245,7.3
2646,48247,18.4
2647,48249,6.3
2648,48251,6.3
2649,48253,3.7
2650,48255,4.0
2651,48257,7.0
2652,48259,4.7
2653,48261,0.0
2654,48263,2.1
2655,48265,8.2
2656,48267,6.0
2657,48269,4.1
2658,48271,14.4
2659,48273,10.5
2660,48275,5.4
2661,48277,7.0
2662,48279,4.7
2663,48281,8.2
2664,48283,8.4
2665,48285,3.5
2666,48287,6.0
2667,48289,7.6
2668,48291,9.2
2669,48293,9.4
2670,48295,5.8
2671,48297,3.4
2672,48299,7.7
2673,48301,0.0
2674,48303,5.4
2675,48305,11.1
2676,48307,4.2
2677,48309,5.6
2678,48311,15.2
2679,48313,3.9
2680,48315,9.0
2681,48317,3.4
2682,48319,4.4
2683,48321,6.0
2684,48323,12.4
2685,48325,6.0
2686,48327,8.4
2687,48329,3.6
2688,48331,9.6
2689,48333,3.9
2690,48335,6.0
2691,48337,6.0
2692,48339,5.4
2693,48341,3.9
2694,48343,12.9
2695,48345,10.0
2696,48347,8.8
2697,48349,10.4
2698,48351,14.2
2699,48353,6.3
2700,48355,6.1
2701,48357,4.8
2702,48359,5.5
2703,48361,7.5
2704,48363,6.7
2705,48365,4.7
2706,48367,5.6
2707,48369,3.0
2708,48371,4.0
2709,48373,9.4
2710,48375,4.6
2711,48377,9.2
2712,48379,6.6
2713,48381,3.5
2714,48383,4.3
2715,48385,6.7
2716,48387,6.9
2717,48389,7.7
2718,48391,7.5
2719,48393,2.5
2720,48395,7.9
2721,48397,5.4
2722,48399,4.6
2723,48401,5.9
2724,48403,8.3
2725,48405,14.1
2726,48407,7.4
2727,48409,5.3
2728,48411,3.9
2729,48413,4.6
2730,48415,4.3
2731,48417,4.9
2732,48419,9.6
2733,48421,1.0
2734,48423,6.6
2735,48425,3.5
2736,48427,14.2
2737,48429,6.0
2738,48431,1.3
2739,48433,6.9
2740,48435,6.6
2741,48437,5.1
2742,48439,6.0
2743,48441,5.5
2744,48443,5.1
2745,48445,7.0
2746,48447,3.1
2747,48449,6.6
2748,48451,3.9
2749,48453,5.2
2750,48455,10.2
2751,48457,10.3
2752,48459,7.7
2753,48461,4.5
2754,48463,6.4
2755,48465,8.4
2756,48467,5.9
2757,48469,5.5
2758,48471,4.2
2759,48473,9.0
2760,48475,5.2
2761,48477,4.9
2762,48479,5.9
2763,48481,5.7
2764,48483,5.4
2765,48485,5.2
2766,48487,6.1
2767,48489,13.4
2768,48491,5.3
2769,48493,6.2
2770,48495,4.1
2771,48497,6.6
2772,48499,9.3
2773,48501,9.1
2774,48503,4.0
2775,48505,12.6
2776,48507,12.0
2777,49001,3.7
2778,49003,6.0
2779,49005,4.5
2780,49007,7.6
2781,49009,4.9
2782,49011,3.7
2783,49013,5.9
2784,49015,4.4
2785,49017,6.1
2786,49019,7.3
2787,49021,8.1
2788,49023,4.2
2789,49025,6.5
2790,49027,4.0
2791,49029,3.7
2792,49031,3.8
2793,49033,5.6
2794,49035,5.1
2795,49037,8.2
2796,49039,8.1
2797,49041,5.3
2798,49043,3.2
2799,49045,7.0
2800,49047,5.5
2801,49049,4.9
2802,49051,3.7
2803,49053,6.3
2804,49055,1.9
2805,49057,5.3
2806,50001,5.0
2807,50003,5.4
2808,50005,6.3
2809,50007,4.5
2810,50009,7.1
2811,50011,5.0
2812,50013,6.1
2813,50015,3.9
2814,50017,4.3
2815,50019,5.2
2816,50021,5.5
2817,50023,4.6
2818,50025,6.0
2819,50027,4.5
2820,51001,7.0
2821,51003,3.2
2822,51005,4.6
2823,51007,4.0
2824,51009,5.5
2825,51011,4.5
2826,51013,3.4
2827,51015,4.9
2828,51017,8.7
2829,51019,4.7
2830,51021,6.5
2831,51023,4.1
2832,51025,6.8
2833,51027,9.7
2834,51029,8.7
2835,51031,4.3
2836,51033,7.1
2837,51035,5.3
2838,51036,7.3
2839,51037,7.0
2840,51041,6.4
2841,51043,4.8
2842,51045,5.6
2843,51047,6.4
2844,51049,8.5
2845,51051,7.2
2846,51053,9.3
2847,51057,6.2
2848,51059,4.7
2849,51061,4.0
2850,51063,6.9
2851,51065,5.3
2852,51067,6.4
2853,51069,5.1
2854,51071,4.7
2855,51073,4.2
2856,51075,5.1
2857,51077,7.1
2858,51079,7.8
2859,51081,6.6
2860,51083,5.4
2861,51085,3.8
2862,51087,6.3
2863,51089,9.4
2864,51091,1.3
2865,51093,8.1
2866,51095,4.9
2867,51097,6.0
2868,51099,6.5
2869,51101,3.9
2870,51103,5.4
2871,51105,12.3
2872,51107,3.9
2873,51109,8.1
2874,51111,6.2
2875,51113,5.3
2876,51115,2.0
2877,51117,6.1
2878,51119,5.3
2879,51121,4.6
2880,51125,3.8
2881,51127,4.9
2882,51131,7.0
2883,51133,7.6
2884,51135,8.3
2885,51137,7.7
2886,51139,8.6
2887,51141,7.7
2888,51143,6.7
2889,51145,4.6
2890,51147,6.6
2891,51149,9.4
2892,51153,5.4
2893,51155,6.7
2894,51157,2.4
2895,51159,6.3
2896,51161,4.8
2897,51163,4.8
2898,51165,5.2
2899,51167,6.6
2900,51169,7.8
2901,51171,5.5
2902,51173,7.3
2903,51175,5.8
2904,51177,5.6
2905,51179,4.9
2906,51181,8.2
2907,51183,6.6
2908,51185,8.3
2909,51187,6.5
2910,51191,6.4
2911,51193,6.6
2912,51195,10.4
2913,51197,7.5
2914,51199,6.1
2915,51510,4.0
2916,51520,8.7
2917,51530,6.1
2918,51540,3.9
2919,51550,6.3
2920,51570,8.4
2921,51580,5.2
2922,51590,11.8
2923,51595,18.8
2924,51600,5.5
2925,51610,5.3
2926,51620,14.6
2927,51630,7.4
2928,51640,6.6
2929,51650,8.9
2930,51660,5.9
2931,51670,10.8
2932,51678,3.9
2933,51680,7.2
2934,51683,6.0
2935,51685,4.6
2936,51690,10.0
2937,51700,8.3
2938,51710,9.7
2939,51720,13.6
2940,51730,13.7
2941,51735,3.2
2942,51740,10.9
2943,51750,9.2
2944,51760,9.1
2945,51770,7.4
2946,51775,5.0
2947,51790,5.0
2948,51800,7.3
2949,51810,5.8
2950,51820,5.1
2951,51830,9.1
2952,51840,5.1
2953,53001,6.1
2954,53003,8.3
2955,53005,6.5
2956,53007,6.8
2957,53009,9.3
2958,53011,7.2
2959,53013,9.0
2960,53015,9.7
2961,53017,5.1
2962,53019,9.8
2963,53021,6.8
2964,53023,4.4
2965,53025,9.1
2966,53027,12.1
2967,53029,7.7
2968,53031,7.2
2969,53033,5.5
2970,53035,7.0
2971,53037,6.7
2972,53039,5.4
2973,53041,9.7
2974,53043,4.1
2975,53045,10.8
2976,53047,8.1
2977,53049,7.7
2978,53051,9.1
2979,53053,7.8
2980,53055,5.1
2981,53057,7.2
2982,53059,7.7
2983,53061,6.2
2984,53063,7.2
2985,53065,8.9
2986,53067,8.4
2987,53069,7.0
2988,53071,6.4
2989,53073,7.7
2990,53075,8.9
2991,53077,8.3
2992,54001,7.9
2993,54003,9.0
2994,54005,9.6
2995,54007,14.6
2996,54009,4.1
2997,54011,6.6
2998,54013,16.2
2999,54015,10.9
3000,54017,6.5
3001,54019,8.5
3002,54021,10.6
3003,54023,6.0
3004,54025,7.9
3005,54027,7.6
3006,54029,6.6
3007,54031,6.9
3008,54033,7.3
3009,54035,5.4
3010,54037,7.6
3011,54039,6.4
3012,54041,7.4
3013,54043,7.0
3014,54045,12.3
3015,54047,12.7
3016,54049,6.0
3017,54051,6.0
3018,54053,10.2
3019,54055,6.2
3020,54057,7.8
3021,54059,15.8
3022,54061,6.1
3023,54063,9.1
3024,54065,12.2
3025,54067,7.7
3026,54069,5.5
3027,54071,4.3
3028,54073,8.4
3029,54075,5.7
3030,54077,7.7
3031,54079,3.1
3032,54081,7.7
3033,54083,7.4
3034,54085,8.4
3035,54087,10.5
3036,54089,10.7
3037,54091,9.1
3038,54093,8.2
3039,54095,8.5
3040,54097,7.7
3041,54099,9.5
3042,54101,10.8
3043,54103,8.5
3044,54105,5.4
3045,54107,7.6
3046,54109,12.1
3047,55001,9.5
3048,55003,7.2
3049,55005,5.4
3050,55007,6.8
3051,55009,5.3
3052,55011,3.7
3053,55013,6.3
3054,55015,2.6
3055,55017,4.2
3056,55019,4.2
3057,55021,4.3
3058,55023,5.4
3059,55025,4.4
3060,55027,4.8
3061,55029,5.9
3062,55031,6.4
3063,55033,5.5
3064,55035,4.8
3065,55037,7.6
3066,55039,4.6
3067,55041,9.8
3068,55043,4.3
3069,55045,3.0
3070,55047,5.0
3071,55049,4.3
3072,55051,7.2
3073,55053,5.6
3074,55055,4.7
3075,55057,5.8
3076,55059,8.7
3077,55061,4.6
3078,55063,4.8
3079,55065,3.0
3080,55067,7.2
3081,55069,4.9
3082,55071,4.8
3083,55073,4.8
3084,55075,6.6
3085,55077,6.3
3086,55078,11.0
3087,55079,8.1
3088,55081,6.1
3089,55083,5.0
3090,55085,5.1
3091,55087,3.7
3092,55089,3.5
3093,55091,4.2
3094,55093,2.8
3095,55095,5.8
3096,55097,6.2
3097,55099,3.9
3098,55101,7.5
3099,55103,3.6
3100,55105,7.4
3101,55107,4.9
3102,55109,4.1
3103,55111,4.8
3104,55113,7.7
3105,55115,4.5
3106,55117,5.1
3107,55119,4.5
3108,55121,3.3
3109,55123,3.6
3110,55125,7.7
3111,55127,6.4
3112,55129,5.3
3113,55131,4.0
3114,55133,3.7
3115,55135,4.5
3116,55137,6.3
3117,55139,4.4
3118,55141,5.7
3119,56001,4.6
3120,56003,3.3
3121,56005,4.7
3122,56007,4.1
3123,56009,5.3
3124,56011,4.4
3125,56013,7.3
3126,56015,6.9
3127,56017,3.5
3128,56019,4.5
3129,56021,5.6
3130,56023,5.6
3131,56025,4.9
3132,56027,0.5
3133,56029,3.8
3134,56031,3.9
3135,56033,3.8
3136,56035,2.8
3137,56037,5.1
3138,56039,2.1
3139,56041,6.4
3140,56043,7.4
3141,56045,3.6
